slice_axis,slice_index,method,ssim,psnr,mse,mae,rmse,nrmse,pearson,gradient_mse,hfen,diff_percent,isnr,issm,scale,isnr_baseline_method,hr_height,hr_width,lr_height,lr_width,degradation_time_ms,upscaling_time_ms,metrics_time_ms,total_method_time_ms
sagittal,103,nearest,0.6530629992485046,19.87076541297639,0.0103020453825593,0.06398959457874298,0.10149899202730685,0.10149899202730685,0.945660738153628,0.16094252467155457,0.17813636362552643,6.398959457874298,-0.014645056105839632,,2,bilinear,256,256,128,128,5.159916999999847,0.2193749999999106,13.991333000000106,14.21212500000002
sagittal,103,bilinear,0.6346136331558228,19.885410469082228,0.010267363861203194,0.06523295491933823,0.1013280013678509,0.1013280013678509,0.9468202914834405,0.22956420481204987,0.24805791676044464,6.523295491933823,0.0,,2,bilinear,256,256,128,128,5.159916999999847,0.15095899999995055,8.394250000000048,8.546292000000122
sagittal,103,bicubic,0.6715713143348694,20.516407569916964,0.008878901600837708,0.06001424789428711,0.09422792367890585,0.09422792367890585,0.9535722073180345,0.1587974578142166,0.15380607545375824,6.001424789428711,0.6309971008347375,,2,bilinear,256,256,128,128,5.159916999999847,0.1914579999999777,8.101541000000045,8.293582999999938
sagittal,103,lanczos,0.6713647842407227,20.567233533980307,0.008775596506893635,0.059910185635089874,0.09367815384012237,0.09367815384012237,0.9541721319047933,0.14930468797683716,0.15135540068149567,5.991018563508987,0.6818230648980793,,2,bilinear,256,256,128,128,5.159916999999847,0.26829099999980954,8.15425000000003,8.423082999999831
sagittal,104,nearest,0.6549399495124817,19.855612020389405,0.010338054038584232,0.06437267363071442,0.10167622159868173,0.10167622159868173,0.9443372964684492,0.1600753664970398,0.1793382465839386,6.437267363071442,0.005246126161123286,,2,bilinear,256,256,128,128,0.2587500000001963,0.11762499999989906,7.832290999999936,7.950457999999827
sagittal,104,bilinear,0.6343852877616882,19.850365894228283,0.010350549593567848,0.06569952517747879,0.1017376508160467,0.1017376508160467,0.9453146799596172,0.2326810210943222,0.25019174814224243,6.569952517747879,0.0,,2,bilinear,256,256,128,128,0.2587500000001963,0.12545800000007823,8.013333000000067,8.139416999999982
sagittal,104,bicubic,0.6726081967353821,20.497046213277912,0.008918573148548603,0.06023017317056656,0.09443819750793957,0.09443819750793957,0.9524183277338102,0.1593531221151352,0.1540088951587677,6.023017317056656,0.6466803190496258,,2,bilinear,256,256,128,128,0.2587500000001963,0.1571670000000136,7.800583999999944,7.9582499999999445
sagittal,104,lanczos,0.6720376014709473,20.537486760970197,0.008835910819470882,0.060212574899196625,0.09399952563428648,0.09399952563428648,0.9529137863124582,0.14993837475776672,0.15240593254566193,6.0212574899196625,0.6871208667419144,,2,bilinear,256,256,128,128,0.2587500000001963,0.24854200000001825,7.835833000000125,8.084999999999898
sagittal,105,nearest,0.6498909592628479,19.900608682089434,0.010231495834887028,0.0642118826508522,0.10115085681736477,0.10115085681736477,0.9427085386035216,0.15818952023983002,0.18106794357299805,6.42118826508522,0.017397000065674264,,2,bilinear,256,256,128,128,0.25650000000010387,0.12000000000012001,7.825500000000041,7.946041999999931
sagittal,105,bilinear,0.6297236680984497,19.88321168202376,0.010272563435137272,0.06575074046850204,0.10135365526283338,0.10135365526283338,0.9435654155045498,0.22954900562763214,0.25237083435058594,6.5750740468502045,0.0,,2,bilinear,256,256,128,128,0.25650000000010387,0.1263750000000119,7.770374999999996,7.897249999999856
sagittal,105,bicubic,0.668345034122467,20.515618648693792,0.008880514651536942,0.0603066086769104,0.0942364825931918,0.0942364825931918,0.9507186662983249,0.15801618993282318,0.15501245856285095,6.03066086769104,0.6324069666700316,,2,bilinear,256,256,128,128,0.25650000000010387,0.15745800000011023,8.149584000000099,8.30745799999999
sagittal,105,lanczos,0.6675649881362915,20.553915955477223,0.008802548050880432,0.06027408689260483,0.09382189537032617,0.09382189537032617,0.9512068130777254,0.1492225080728531,0.15400348603725433,6.027408689260483,0.6707042734534653,,2,bilinear,256,256,128,128,0.25650000000010387,0.2413749999998771,8.136583000000197,8.378707999999957
sagittal,106,nearest,0.6508744359016418,19.792481379357007,0.010489429347217083,0.06512454152107239,0.10241791516730402,0.10241791516730402,0.9402367125735647,0.16363896429538727,0.18402016162872314,6.512454152107239,0.010227451110749266,,2,bilinear,256,256,128,128,0.2754160000000283,0.11829200000001983,7.9304999999998405,8.049334000000075
sagittal,106,bilinear,0.6299762725830078,19.78225392824626,0.010514160618185997,0.06655455380678177,0.10253858112040559,0.10253858112040559,0.9412561902363945,0.23822957277297974,0.25720953941345215,6.655455380678177,0.0,,2,bilinear,256,256,128,128,0.2754160000000283,0.12374999999997804,7.738124999999929,7.86229099999991
sagittal,106,bicubic,0.670034646987915,20.434573332047048,0.009047793224453926,0.06094178557395935,0.09511988869029403,0.09511988869029403,0.9489585530353307,0.16350801289081573,0.15695767104625702,6.094178557395935,0.6523194038007883,,2,bilinear,256,256,128,128,0.2754160000000283,0.15974999999990303,7.936332999999962,8.096541000000013
sagittal,106,lanczos,0.6696230173110962,20.482442302432744,0.0089486138895154,0.0608583465218544,0.0945971135369119,0.0945971135369119,0.9495779703205222,0.15394294261932373,0.15577538311481476,6.08583465218544,0.7001883741864898,,2,bilinear,256,256,128,128,0.2754160000000283,0.26095900000000505,7.980792000000125,8.242333000000102
sagittal,107,nearest,0.6510370373725891,19.619111574503126,0.010916636325418949,0.06652039289474487,0.10448270826035737,0.10448270826035737,0.9372288730059456,0.17646440863609314,0.18709370493888855,6.652039289474487,0.03283028026268795,,2,bilinear,256,256,128,128,0.2694169999999385,0.11904199999990261,10.849000000000109,10.969208000000119
sagittal,107,bilinear,0.6289588212966919,19.58628129424044,0.010999472811818123,0.06825418025255203,0.104878371515857,0.104878371515857,0.9380320039027923,0.2596842348575592,0.26299363374710083,6.825418025255203,0.0,,2,bilinear,256,256,128,128,0.2694169999999385,0.17695799999994932,19.715959000000005,19.893458000000088
sagittal,107,bicubic,0.6707782745361328,20.272925728000356,0.009390904568135738,0.06218353286385536,0.09690667968791283,0.09690667968791283,0.9465824384289675,0.17646804451942444,0.15926888585090637,6.218353286385536,0.6866444337599142,,2,bilinear,256,256,128,128,0.2694169999999385,0.1886249999998313,17.411000000000065,17.600916000000133
sagittal,107,lanczos,0.6710889935493469,20.333170925108128,0.009261533617973328,0.0619480162858963,0.09623686205385817,0.09623686205385817,0.9473784833379095,0.16500888764858246,0.15713366866111755,6.19480162858963,0.7468896308676851,,2,bilinear,256,256,128,128,0.2694169999999385,0.4627500000000673,14.781292000000112,15.245542000000167
sagittal,108,nearest,0.6434817314147949,19.501502541612325,0.011216303333640099,0.06765437871217728,0.10590705044349077,0.10590705044349077,0.934016590591123,0.182334765791893,0.1917797476053238,6.765437871217728,0.02643198253404582,,2,bilinear,256,256,128,128,0.8071250000001307,0.13754200000004602,10.723792000000065,10.864165999999953
sagittal,108,bilinear,0.620728611946106,19.47507055907828,0.011284776031970978,0.06935164332389832,0.10622982647058678,0.10622982647058678,0.9348977573625893,0.2668069899082184,0.26557835936546326,6.9351643323898315,0.0,,2,bilinear,256,256,128,128,0.8071250000001307,0.12937499999998714,9.230583000000125,9.361541999999945
sagittal,108,bicubic,0.6623038649559021,20.13543685886316,0.009692957624793053,0.0636991560459137,0.09845281928311171,0.09845281928311171,0.943588802970497,0.18411655724048615,0.16565589606761932,6.36991560459137,0.6603662997848808,,2,bilinear,256,256,128,128,0.8071250000001307,0.17754200000008602,9.867582999999902,10.046666999999898
sagittal,108,lanczos,0.6624698638916016,20.19951839326869,0.00955098494887352,0.06345795840024948,0.09772914073536879,0.09772914073536879,0.9444868660305412,0.17284753918647766,0.163384348154068,6.345795840024948,0.7244478341904083,,2,bilinear,256,256,128,128,0.8071250000001307,0.8996249999999595,9.579000000000004,10.480292000000002
sagittal,109,nearest,0.642164945602417,19.544888292599147,0.011104810982942581,0.06737929582595825,0.1053793669697374,0.1053793669697374,0.9327477004866879,0.18070121109485626,0.19156526029109955,6.737929582595825,0.06812853288450395,,2,bilinear,256,256,128,128,0.28975000000008855,0.11825000000009744,8.286874999999805,8.406458000000061
sagittal,109,bilinear,0.6174894571304321,19.476759759714643,0.01128038763999939,0.0693187564611435,0.10620916928400952,0.10620916928400952,0.9329745215614771,0.2651756703853607,0.26635032892227173,6.931875646114349,0.0,,2,bilinear,256,256,128,128,0.28975000000008855,0.23258300000006393,8.606458000000039,8.840542000000173
sagittal,109,bicubic,0.6595849394798279,20.12761488965948,0.009710431098937988,0.0636114776134491,0.09854151967032977,0.09854151967032977,0.9417879685801128,0.18197008967399597,0.16507363319396973,6.36114776134491,0.6508551299448372,,2,bilinear,256,256,128,128,0.28975000000008855,0.18049999999991684,8.755124999999975,8.936832999999922
sagittal,109,lanczos,0.6594797968864441,20.187437142046733,0.009577590972185135,0.06343160569667816,0.09786516730780741,0.09786516730780741,0.9426511801470165,0.1703079491853714,0.16307847201824188,6.343160569667816,0.710677382332089,,2,bilinear,256,256,128,128,0.28975000000008855,0.2455410000001823,8.402582999999852,8.64904199999983
sagittal,110,nearest,0.6356078386306763,19.39429039682077,0.011496640741825104,0.06878140568733215,0.10722238918166814,0.10722238918166814,0.9295496432757873,0.1872655749320984,0.19572214782238007,6.878140568733215,0.10735651868778134,,2,bilinear,256,256,128,128,0.2926670000000797,0.12787499999999952,8.282125000000029,8.41104200000009
sagittal,110,bilinear,0.6066656112670898,19.28693387813299,0.011784376576542854,0.07118353247642517,0.10855586845741162,0.10855586845741162,0.9290616000720731,0.27548161149024963,0.2704266905784607,7.118353247642517,0.0,,2,bilinear,256,256,128,128,0.2926670000000797,0.14516699999989058,8.49137500000019,8.63758399999992
sagittal,110,bicubic,0.6499010324478149,19.91306834478918,0.010202184319496155,0.0655616968870163,0.10100586279764237,0.10100586279764237,0.9380802688964532,0.18963617086410522,0.17059887945652008,6.55616968870163,0.6261344666561897,,2,bilinear,256,256,128,128,0.2926670000000797,0.1799580000001466,9.145125000000087,9.325999999999945
sagittal,110,lanczos,0.650528073310852,19.971731790724967,0.01006530225276947,0.06532690674066544,0.10032597994921091,0.10032597994921091,0.9389720424983883,0.1776321977376938,0.16722770035266876,6.532690674066544,0.6847979125919758,,2,bilinear,256,256,128,128,0.2926670000000797,0.24524999999986363,8.575291999999957,8.821583000000022
sagittal,111,nearest,0.6324055194854736,19.351178456434308,0.01161133497953415,0.06847831606864929,0.10775590461563649,0.10775590461563649,0.9259160604522307,0.18681146204471588,0.19611844420433044,6.847831606864929,0.15619495151524365,,2,bilinear,256,256,128,128,0.26916699999990357,0.11687500000001627,8.221208000000146,8.338957999999952
sagittal,111,bilinear,0.5996500849723816,19.194983504919062,0.012036539614200592,0.07143895328044891,0.10971116449204517,0.10971116449204517,0.9244973612212057,0.27708807587623596,0.2704640030860901,7.143895328044891,0.0,,2,bilinear,256,256,128,128,0.26916699999990357,0.1671249999999347,8.358791999999893,8.526583000000088
sagittal,111,bicubic,0.6430833339691162,19.796213624417163,0.010480418801307678,0.06606728583574295,0.10237391660627075,0.10237391660627075,0.9337343687735501,0.191688671708107,0.17168857157230377,6.606728583574295,0.6012301194981015,,2,bilinear,256,256,128,128,0.26916699999990357,0.1642499999998659,8.424750000000092,8.589874999999969
sagittal,111,lanczos,0.6438051462173462,19.841517724768103,0.010371658951044083,0.06587287783622742,0.10184134205244981,0.10184134205244981,0.9344681973026348,0.17989122867584229,0.16793960332870483,6.587287783622742,0.6465342198490381,,2,bilinear,256,256,128,128,0.26916699999990357,0.2426669999999742,8.52541699999998,8.769084000000094
sagittal,112,nearest,0.6257190108299255,19.27798118657012,0.011808694340288639,0.06939516216516495,0.10866781648808739,0.10866781648808739,0.921893600597995,0.1946202665567398,0.19959378242492676,6.939516216516495,0.144999134906003,,2,bilinear,256,256,128,128,0.26375000000000703,0.1152500000001222,8.213540999999935,8.329958000000026
sagittal,112,bilinear,0.591942310333252,19.132982051664115,0.01220961008220911,0.07229313999414444,0.11049710440644638,0.11049710440644638,0.9206585004922896,0.28853753209114075,0.2734847664833069,7.229313999414444,0.0,,2,bilinear,256,256,128,128,0.26375000000000703,0.21483399999988606,9.524665999999904,9.740709000000125
sagittal,112,bicubic,0.6369170546531677,19.74472280833444,0.010605416260659695,0.06686440855264664,0.1029826017376707,0.1029826017376707,0.9305532090383639,0.20010754466056824,0.1754019856452942,6.686440855264664,0.6117407566703253,,2,bilinear,256,256,128,128,0.26375000000000703,0.16179200000010496,8.188042000000006,8.350749999999962
sagittal,112,lanczos,0.6375561952590942,19.794704909712173,0.010484060272574425,0.06668249517679214,0.10239170021332014,0.10239170021332014,0.9313942898600406,0.18760459125041962,0.17122314870357513,6.6682495176792145,0.6617228580480581,,2,bilinear,256,256,128,128,0.26375000000000703,0.24166699999983443,8.067084000000113,8.309708999999943
sagittal,113,nearest,0.6209466457366943,19.231373746594794,0.011936104856431484,0.06943181157112122,0.1092524821522673,0.1092524821522673,0.9180970197772522,0.19645501673221588,0.20084120333194733,6.943181157112122,0.10831349599944333,,2,bilinear,256,256,128,128,0.26245899999999267,0.11612500000013348,8.674417000000156,8.792082999999895
sagittal,113,bilinear,0.5889482498168945,19.12306025059535,0.012237535789608955,0.07224734872579575,0.1106233962125958,0.1106233962125958,0.9176011735609539,0.28751638531684875,0.273998886346817,7.224734872579575,0.0,,2,bilinear,256,256,128,128,0.26245899999999267,0.15516700000017813,8.508583000000014,8.664500000000075
sagittal,113,bicubic,0.6329707503318787,19.735888004160312,0.010627012699842453,0.06672176718711853,0.10308740320641728,0.10308740320641728,0.9278721198303098,0.19955608248710632,0.17705737054347992,6.672176718711853,0.612827753564963,,2,bilinear,256,256,128,128,0.26245899999999267,0.1579169999998964,8.111957999999975,8.27066700000012
sagittal,113,lanczos,0.6334487199783325,19.794639325308435,0.01048421859741211,0.06645099073648453,0.10239247334356227,0.10239247334356227,0.9289084569373895,0.18685953319072723,0.1730034500360489,6.645099073648453,0.6715790747130844,,2,bilinear,256,256,128,128,0.26245899999999267,0.24541700000013655,8.113000000000037,8.359000000000005
sagittal,114,nearest,0.6213489174842834,19.20393693592033,0.012011750601232052,0.07004868239164352,0.10959813228897677,0.10959813228897677,0.913672816062731,0.19537752866744995,0.1989509016275406,7.004868239164352,0.15243780845810284,,2,bilinear,256,256,128,128,0.26175000000017157,0.11658400000014169,8.518333000000045,8.635833000000037
sagittal,114,bilinear,0.5856865644454956,19.05149912746223,0.012440850958228111,0.07356183230876923,0.11153856265089716,0.11153856265089716,0.9122787635223328,0.2909376919269562,0.27305805683135986,7.356183230876923,0.0,,2,bilinear,256,256,128,128,0.26175000000017157,0.11162500000017062,8.123375000000044,8.235750000000097
sagittal,114,bicubic,0.6313081383705139,19.667561090589075,0.010795528069138527,0.06801988184452057,0.1039015306390552,0.1039015306390552,0.9232479078527791,0.19997239112854004,0.17510566115379333,6.801988184452057,0.6160619631268472,,2,bilinear,256,256,128,128,0.26175000000017157,0.16550000000004061,9.153458000000114,9.319833000000166
sagittal,114,lanczos,0.6321008801460266,19.721340215356612,0.010662670247256756,0.06779678165912628,0.10326020650403889,0.10326020650403889,0.9242533397460871,0.1868956983089447,0.1708066612482071,6.779678165912628,0.6698410878943827,,2,bilinear,256,256,128,128,0.26175000000017157,0.24920800000005627,8.19116700000011,8.441750000000026
sagittal,115,nearest,0.6187127232551575,19.081842342731903,0.012354232370853424,0.07119148969650269,0.11114959456000469,0.11114959456000469,0.9082433920005627,0.2018253058195114,0.20082704722881317,7.1191489696502686,0.12821627829654408,,2,bilinear,256,256,128,128,0.27337500000013115,0.12137499999997914,9.058875000000022,9.181167000000157
sagittal,115,bilinear,0.5843562483787537,18.953626064435362,0.012724402360618114,0.07447928935289383,0.11280249270569385,0.11280249270569385,0.9075555276127365,0.29708221554756165,0.2758391201496124,7.447928935289383,0.0,,2,bilinear,256,256,128,128,0.27337500000013115,0.13237499999996238,8.260458999999942,8.393749999999978
sagittal,115,bicubic,0.6313918232917786,19.59177808124058,0.010985559783875942,0.06854123622179031,0.10481202118018687,0.10481202118018687,0.9194559252149155,0.20364348590373993,0.17644406855106354,6.854123622179031,0.63815201680522,,2,bilinear,256,256,128,128,0.27337500000013115,0.1605409999998475,8.257416000000184,8.418750000000141
sagittal,115,lanczos,0.63355553150177,19.66533653817265,0.010801059193909168,0.06814337521791458,0.10392814437826343,0.10392814437826343,0.9209081829877065,0.18941622972488403,0.17152290046215057,6.814337521791458,0.711710473737288,,2,bilinear,256,256,128,128,0.27337500000013115,0.24066700000013874,8.258499999999946,8.500500000000022
sagittal,116,nearest,0.6188074946403503,19.071163499554565,0.012384647503495216,0.07113282382488251,0.111286331161986,0.111286331161986,0.9101330244311134,0.19853244721889496,0.19929446280002594,7.113282382488251,0.11571535043618485,,2,bilinear,256,256,128,128,0.2750419999999476,0.11691699999993865,8.336917000000055,8.454791999999989
sagittal,116,bilinear,0.5841178894042969,18.95544814911838,0.012719064950942993,0.0744113102555275,0.11277883201622099,0.11277883201622099,0.9097413392930696,0.2928304076194763,0.27579978108406067,7.44113102555275,0.0,,2,bilinear,256,256,128,128,0.2750419999999476,0.1345829999999104,8.284625000000156,8.420333000000113
sagittal,116,bicubic,0.6313443183898926,19.59578869534665,0.010975419543683529,0.06854172796010971,0.1047636365524008,0.1047636365524008,0.9213759774941352,0.19879183173179626,0.17299222946166992,6.854172796010971,0.6403405462282703,,2,bilinear,256,256,128,128,0.2750419999999476,0.21149999999980906,8.093499999999754,8.306166000000115
sagittal,116,lanczos,0.6328121423721313,19.65349134018319,0.010830558836460114,0.06821008771657944,0.10406997086796994,0.10406997086796994,0.9224775919017875,0.18539740145206451,0.16866859793663025,6.821008771657944,0.6980431910648123,,2,bilinear,256,256,128,128,0.2750419999999476,0.2375830000000967,8.279665999999963,8.518334000000127
sagittal,117,nearest,0.6206393241882324,19.08345341243053,0.012349650263786316,0.07138696312904358,0.11112898030570746,0.11112898030570746,0.9126583887143671,0.19783616065979004,0.1953880339860916,7.138696312904358,0.11706336726491642,,2,bilinear,256,256,128,128,0.25545799999981966,0.11524999999990015,8.1834999999999,8.299833000000145
sagittal,117,bilinear,0.58771812915802,18.966390045165614,0.012687060050666332,0.07455899566411972,0.11263685032291311,0.11263685032291311,0.9121773558755085,0.2926928699016571,0.2711620032787323,7.455899566411972,0.0,,2,bilinear,256,256,128,128,0.25545799999981966,0.12204199999965581,8.191166999999666,8.31391700000017
sagittal,117,bicubic,0.6338962912559509,19.592688690150787,0.010983256623148918,0.06874839216470718,0.10480103350229385,0.10480103350229385,0.923244160009601,0.19988654553890228,0.1704876571893692,6.874839216470718,0.6262986449851725,,2,bilinear,256,256,128,128,0.25545799999981966,0.15999999999971593,8.128082999999897,8.288499999999921
sagittal,117,lanczos,0.6353449821472168,19.652457750940407,0.01083313673734665,0.06837043911218643,0.10408235555245014,0.10408235555245014,0.924364671316249,0.186746746301651,0.16589434444904327,6.837043911218643,0.6860677057747933,,2,bilinear,256,256,128,128,0.25545799999981966,0.23829200000013984,8.029124999999748,8.267957999999798
sagittal,118,nearest,0.6321765184402466,19.187220005590426,0.012058075517416,0.0702652633190155,0.10980926881377547,0.10980926881377547,0.9202047346688856,0.19562041759490967,0.19685904681682587,7.02652633190155,0.16536891447120813,,2,bilinear,256,256,128,128,0.2539590000001368,0.11504200000000964,7.980125000000005,8.095707999999924
sagittal,118,bilinear,0.5980556607246399,19.021851091119217,0.0125260716304183,0.0732889473438263,0.11191993401721742,0.11191993401721742,0.9185645994382236,0.2920638918876648,0.27189281582832336,7.328894734382629,0.0,,2,bilinear,256,256,128,128,0.2539590000001368,0.17312499999988518,8.187916999999878,8.36300000000012
sagittal,118,bicubic,0.6435830593109131,19.62735909045508,0.010895924642682076,0.06771481037139893,0.10438354584263784,0.10438354584263784,0.9286049886964287,0.20131836831569672,0.172246515750885,6.771481037139893,0.6055079993358609,,2,bilinear,256,256,128,128,0.2539590000001368,0.19120799999994276,8.702707999999948,8.896208999999988
sagittal,118,lanczos,0.6444623470306396,19.68071441807575,0.010762881487607956,0.06741777807474136,0.10374430821788709,0.10374430821788709,0.9295304332384413,0.188172847032547,0.16874960064888,6.741777807474136,0.6588633269565304,,2,bilinear,256,256,128,128,0.2539590000001368,0.2673749999999586,8.783541000000561,9.052957999999833
sagittal,119,nearest,0.6312476992607117,19.16522306637725,0.01211930438876152,0.07019980996847153,0.11008771225146574,0.11008771225146574,0.9267363847000977,0.19383855164051056,0.1957974135875702,7.019980996847153,0.09438418358721187,,2,bilinear,256,256,128,128,0.2942080000005731,0.11900000000064637,7.991707999999598,8.111834000000151
sagittal,119,bilinear,0.6028066873550415,19.07083888279004,0.012385573238134384,0.07254917174577713,0.11129049033108976,0.11129049033108976,0.9264162792235137,0.2859068214893341,0.2695345878601074,7.254917174577713,0.0,,2,bilinear,256,256,128,128,0.2942080000005731,0.1295830000005438,8.427500000000698,8.558041999999766
sagittal,119,bicubic,0.6453534364700317,19.680714793874994,0.010762880556285381,0.06700974702835083,0.1037443037293392,0.1037443037293392,0.935568237968846,0.19684815406799316,0.17093607783317566,6.700974702835083,0.6098759110849536,,2,bilinear,256,256,128,128,0.2942080000005731,0.16870800000035047,8.089374999999954,8.258709000000586
sagittal,119,lanczos,0.6456787586212158,19.73148588755311,0.010637789964675903,0.06677009165287018,0.10313966242273583,0.10313966242273583,0.9363717239351013,0.18401598930358887,0.16757488250732422,6.677009165287018,0.660647004763069,,2,bilinear,256,256,128,128,0.2942080000005731,0.24241699999993926,8.655875000000535,8.899125000000119
sagittal,120,nearest,0.6434643268585205,19.16724232195591,0.012113670818507671,0.06989900022745132,0.11006212254226097,0.11006212254226097,0.9321042040905333,0.19342948496341705,0.1925872266292572,6.9899000227451324,0.0610837096708972,,2,bilinear,256,256,128,128,0.2632499999997151,0.11691699999971661,8.165416999999842,8.283250000000741
sagittal,120,bilinear,0.6184972524642944,19.106158612285014,0.012285253964364529,0.07209978997707367,0.1108388648641104,0.1108388648641104,0.9323461489065258,0.283701092004776,0.26683011651039124,7.209978997707367,0.0,,2,bilinear,256,256,128,128,0.2632499999997151,0.12445799999927232,8.255334000000225,8.380749999999715
sagittal,120,bicubic,0.6613084077835083,19.7419350603526,0.010612226091325283,0.06610212475061417,0.10301565944712135,0.10301565944712135,0.9411053779622748,0.19496585428714752,0.1660240888595581,6.610212475061417,0.6357764480675875,,2,bilinear,256,256,128,128,0.2632499999997151,0.16116599999982384,8.226917,8.38924999999957
sagittal,120,lanczos,0.6613577008247375,19.793659920789196,0.010486583225429058,0.06589188426733017,0.10240401957652374,0.10240401957652374,0.9418568374211845,0.1826149821281433,0.16363312304019928,6.589188426733017,0.687501308504185,,2,bilinear,256,256,128,128,0.2632499999997151,0.24283300000060848,8.003207999999873,8.246624999999952
sagittal,121,nearest,0.6429173946380615,19.27467441334915,0.011817689053714275,0.06891205161809921,0.1087091948903784,0.1087091948903784,0.9368160190178251,0.18496499955654144,0.18430250883102417,6.891205161809921,0.07128832811084702,,2,bilinear,256,256,128,128,0.2542910000000731,0.11508299999984928,7.936500000000457,8.052082999999932
sagittal,121,bilinear,0.6190357208251953,19.203386085238304,0.012013274244964123,0.07082125544548035,0.10960508311645095,0.10960508311645095,0.9368468018634382,0.2728096842765808,0.2568283677101135,7.082125544548035,0.0,,2,bilinear,256,256,128,128,0.2542910000000731,0.12170799999999815,8.19608300000052,8.318541999999596
sagittal,121,bicubic,0.6596359610557556,19.82190269278,0.010418608784675598,0.0650356188416481,0.10207158656881747,0.10207158656881747,0.9447751812578823,0.1880801022052765,0.15848244726657867,6.50356188416481,0.6185166075416968,,2,bilinear,256,256,128,128,0.2542910000000731,0.1765000000002459,8.103375000000135,8.280790999999788
sagittal,121,lanczos,0.6592207551002502,19.85786811732178,0.010332684963941574,0.0649636834859848,0.10164981536599844,0.10164981536599844,0.945276667117081,0.17697645723819733,0.15665584802627563,6.49636834859848,0.6544820320834737,,2,bilinear,256,256,128,128,0.2542910000000731,0.23987500000011153,7.8770409999995294,8.117624999999684
sagittal,122,nearest,0.65292888879776,19.40333122531673,0.01147273276001215,0.06787121295928955,0.10711084333536054,0.10711084333536054,0.9401301286941153,0.17794087529182434,0.18036775290966034,6.787121295928955,0.07775705439892358,,2,bilinear,256,256,128,128,0.25512500000068883,0.11504200000000964,7.800791000000196,7.916416999999676
sagittal,122,bilinear,0.629506528377533,19.325574170917804,0.011679993011057377,0.06994227319955826,0.10807401635479907,0.10807401635479907,0.9401059738385938,0.262950599193573,0.2525298595428467,6.994227319955826,0.0,,2,bilinear,256,256,128,128,0.25512500000068883,0.11325000000006469,7.742666999999592,7.856582999999695
sagittal,122,bicubic,0.6691442131996155,19.9488201107367,0.010118543170392513,0.06419003754854202,0.10059096962646555,0.10059096962646555,0.947635003530336,0.1813344955444336,0.15478156507015228,6.419003754854202,0.6232459398188939,,2,bilinear,256,256,128,128,0.25512500000068883,0.15741599999952172,7.951792000000069,8.10958300000042
sagittal,122,lanczos,0.6691582202911377,19.992139498416357,0.010018115863204002,0.06401986628770828,0.10009053833007395,0.10009053833007395,0.948209355959147,0.17100928723812103,0.15336847305297852,6.401986628770828,0.6665653274985516,,2,bilinear,256,256,128,128,0.25512500000068883,0.23704199999929898,7.847457999999641,8.085042000000264
sagittal,123,nearest,0.6470353603363037,19.450712712207164,0.011348245665431023,0.06746162474155426,0.10652814494503798,0.10652814494503798,0.9416356829896388,0.17481881380081177,0.18025089800357819,6.746162474155426,0.00516850182928274,,2,bilinear,256,256,128,128,0.2523749999996383,0.11483299999959229,7.971249999999763,8.086832999999238
sagittal,123,bilinear,0.6281188130378723,19.445544210377882,0.011361759155988693,0.06886375695466995,0.10659155292981097,0.10659155292981097,0.9426028065508518,0.2508349120616913,0.2523196339607239,6.886375695466995,0.0,,2,bilinear,256,256,128,128,0.2523749999996383,0.1293330000002868,7.762834000000218,7.892749999999893
sagittal,123,bicubic,0.6656761169433594,20.064828820048035,0.009851834736764431,0.06317196786403656,0.09925640904628996,0.09925640904628996,0.9497663144483466,0.17355765402317047,0.15383051335811615,6.317196786403656,0.6192846096701549,,2,bilinear,256,256,128,128,0.2523749999996383,0.15995800000023763,8.103583999999664,8.264166000000017
sagittal,123,lanczos,0.6649425029754639,20.113176590363846,0.009742767550051212,0.06304240971803665,0.0987054585625902,0.0987054585625902,0.9503854310499192,0.16338837146759033,0.15231500566005707,6.304240971803665,0.6676323799859613,,2,bilinear,256,256,128,128,0.2523749999996383,0.23891699999989413,7.970207999999701,8.209832999999556
sagittal,124,nearest,0.653684139251709,19.65950133501124,0.010815581306815147,0.06589967757463455,0.10399798703251495,0.10399798703251495,0.9445746221026393,0.1658645123243332,0.17897355556488037,6.589967757463455,-0.0019020443137129856,,2,bilinear,256,256,128,128,0.2940840000000833,0.11754199999991499,8.38491699999988,8.503333000000168
sagittal,124,bilinear,0.6349328756332397,19.66140337932495,0.010810845531523228,0.06731472909450531,0.10397521594843277,0.10397521594843277,0.9456431674399871,0.2416052520275116,0.25122562050819397,6.731472909450531,0.0,,2,bilinear,256,256,128,128,0.2940840000000833,0.14016700000052396,7.846250000000055,7.987374999999908
sagittal,124,bicubic,0.6733817458152771,20.321267895286518,0.009286952205002308,0.06151705980300903,0.09636883419966388,0.09636883419966388,0.9528429720914149,0.1646237075328827,0.15177901089191437,6.151705980300903,0.6598645159615681,,2,bilinear,256,256,128,128,0.2940840000000833,0.15883299999952527,8.018749999999741,8.17845800000061
sagittal,124,lanczos,0.6723878383636475,20.356444322319494,0.00921203475445509,0.06145307421684265,0.09597934545752586,0.09597934545752586,0.9532738744632147,0.15459807217121124,0.1509149968624115,6.145307421684265,0.6950409429945447,,2,bilinear,256,256,128,128,0.2940840000000833,0.23558299999937304,7.827415999999587,8.06366599999997
sagittal,125,nearest,0.6529812216758728,19.770672547720952,0.010542236268520355,0.0647626519203186,0.10267539271179027,0.10267539271179027,0.946398432106783,0.1599210649728775,0.17740322649478912,6.47626519203186,-0.019286609212673875,,2,bilinear,256,256,128,128,0.25341700000058864,0.14287500000076392,7.866082999999691,8.009834000000104
sagittal,125,bilinear,0.6341319680213928,19.789959156933627,0.010495522990822792,0.06595885753631592,0.10244765976254798,0.10244765976254798,0.9476070100902791,0.23087458312511444,0.24897724390029907,6.595885753631592,0.0,,2,bilinear,256,256,128,128,0.25341700000058864,0.12087499999946516,7.786957999999622,7.908458000000174
sagittal,125,bicubic,0.6714612245559692,20.429706951521233,0.009057937189936638,0.06048090010881424,0.0951731957535137,0.0951731957535137,0.9543447118724915,0.15773789584636688,0.15116067230701447,6.048090010881424,0.6397477945876071,,2,bilinear,256,256,128,128,0.25341700000058864,0.15699999999974068,7.9070830000000925,8.064583999999542
sagittal,125,lanczos,0.6708452701568604,20.479387022095608,0.00895491149276495,0.06039123609662056,0.09463039412770587,0.09463039412770587,0.954923515721322,0.1476953625679016,0.15015122294425964,6.039123609662056,0.689427865161983,,2,bilinear,256,256,128,128,0.25341700000058864,0.23358299999998167,7.829624999999396,8.063707999999892
sagittal,126,nearest,0.6519674062728882,19.877828311699254,0.010285304859280586,0.06392668187618256,0.10141649204779558,0.10141649204779558,0.9479914655938907,0.15772771835327148,0.1770033985376358,6.392668187618256,0.030163750580132206,,2,bilinear,256,256,128,128,0.27112499999937256,0.117874999999934,7.899749999999983,8.018416000000528
sagittal,126,bilinear,0.6334093809127808,19.84766456111912,0.010356989689171314,0.06542614102363586,0.1017692963971517,0.1017692963971517,0.9485038430967868,0.22943314909934998,0.24670884013175964,6.542614102363586,0.0,,2,bilinear,256,256,128,128,0.27112499999937256,0.11275000000043889,7.688791000000528,7.802124999999549
sagittal,126,bicubic,0.6697859168052673,20.46597592911595,0.008982607163488865,0.060077447444200516,0.0947766171768589,0.0947766171768589,0.9549300199251399,0.1577347368001938,0.15232570469379425,6.007744744420052,0.6183113679968282,,2,bilinear,256,256,128,128,0.27112499999937256,0.1569579999998183,7.8625829999996455,8.020124999999823
sagittal,126,lanczos,0.66911381483078,20.511037357999868,0.008889887481927872,0.06003062054514885,0.0942861998488001,0.0942861998488001,0.9554469697268774,0.14834441244602203,0.15111374855041504,6.003062054514885,0.6633727968807492,,2,bilinear,256,256,128,128,0.27112499999937256,0.23512499999966963,7.639417000000037,7.8750830000000605
sagittal,127,nearest,0.6493515372276306,19.990264141970687,0.010022442787885666,0.06304027140140533,0.1001121510501381,0.1001121510501381,0.9490160805263756,0.15172016620635986,0.17999248206615448,6.3040271401405334,0.006753611641992628,,2,bilinear,256,256,128,128,0.2642909999996945,0.1152090000005046,7.920958999999783,8.036834000000326
sagittal,127,bilinear,0.6317770481109619,19.983510530328694,0.010038040578365326,0.06406833231449127,0.10019002234936035,0.10019002234936035,0.9497420036454526,0.22035562992095947,0.24917124211788177,6.406833231449127,0.0,,2,bilinear,256,256,128,128,0.2642909999996945,0.11687499999979423,7.689082999999819,7.8065000000000495
sagittal,127,bicubic,0.6680601239204407,20.595605056182556,0.008718454279005527,0.059072792530059814,0.09337266344602968,0.09337266344602968,0.9559912001730138,0.1519947052001953,0.1557237207889557,5.9072792530059814,0.6120945258538611,,2,bilinear,256,256,128,128,0.2642909999996945,0.15699999999974068,7.661041999999618,7.818541999999873
sagittal,127,lanczos,0.6670241951942444,20.643382718004624,0.008623066358268261,0.05906607583165169,0.09286046714435729,0.09286046714435729,0.9565225004232951,0.1427731066942215,0.1542273908853531,5.906607583165169,0.6598721876759268,,2,bilinear,256,256,128,128,0.2642909999996945,0.23450000000035942,7.729333000000338,7.964333999999518
sagittal,128,nearest,0.6435059309005737,20.0150700055706,0.009965360164642334,0.06257940083742142,0.09982665057309262,0.09982665057309262,0.9498979156235935,0.15297751128673553,0.1825726181268692,6.257940083742142,-0.022178300368266537,,2,bilinear,256,256,128,128,0.2843329999997479,0.11537500000002865,7.901540999999845,8.017375000000548
sagittal,128,bilinear,0.6274789571762085,20.03724830593886,0.009914599359035492,0.06344976276159286,0.09957208122277797,0.09957208122277797,0.9508848397793942,0.21760672330856323,0.2506716549396515,6.3449762761592865,0.0,,2,bilinear,256,256,128,128,0.2843329999997479,0.11020800000061115,7.753042000000043,7.863833000000042
sagittal,128,bicubic,0.6623319983482361,20.631450447026122,0.008646790869534016,0.058686189353466034,0.09298812219597735,0.09298812219597735,0.9568480398303659,0.15192091464996338,0.15889142453670502,5.868618935346603,0.5942021410872625,,2,bilinear,256,256,128,128,0.2843329999997479,0.1568330000001339,7.963750000000047,8.121040999999884
sagittal,128,lanczos,0.6615636944770813,20.68551515394763,0.008539815433323383,0.05857850983738899,0.09241112180535081,0.09241112180535081,0.9574313496003115,0.14235176146030426,0.15729114413261414,5.857850983738899,0.6482668480087682,,2,bilinear,256,256,128,128,0.2843329999997479,0.2311249999999987,7.889958000000696,8.121625000000243
sagittal,129,nearest,0.6470380425453186,20.06901517491184,0.00984234269708395,0.062009602785110474,0.09920858177135661,0.09920858177135661,0.9515769905880774,0.1491568237543106,0.1813012957572937,6.200960278511047,0.015445073940087668,,2,bilinear,256,256,128,128,0.25729100000049243,0.11570800000004766,7.625500000000507,7.7417499999992145
sagittal,129,bilinear,0.6285554766654968,20.053570100971754,0.009877407923340797,0.06307573616504669,0.09938514941046674,0.09938514941046674,0.9520924485133825,0.21542824804782867,0.24901540577411652,6.307573616504669,0.0,,2,bilinear,256,256,128,128,0.25729100000049243,0.117874999999934,7.901708999999535,8.020124999999823
sagittal,129,bicubic,0.6643357872962952,20.642497234595936,0.008624824695289135,0.05825795978307724,0.09286993429140097,0.09286993429140097,0.9578593007416576,0.15015320479869843,0.15841086208820343,5.825795978307724,0.5889271336241807,,2,bilinear,256,256,128,128,0.25729100000049243,0.16049999999978581,8.02208300000018,8.183499999999455
sagittal,129,lanczos,0.6640179753303528,20.690848619735355,0.00852933432906866,0.05816524475812912,0.09235439528830591,0.09235439528830591,0.9583679126631148,0.1410588175058365,0.15621434152126312,5.816524475812912,0.6372785187636011,,2,bilinear,256,256,128,128,0.25729100000049243,0.24012500000036852,7.97950000000025,8.22020900000009
sagittal,130,nearest,0.6460674405097961,20.019263086066815,0.009955743327736855,0.06224311143159866,0.09977847126377941,0.09977847126377941,0.9521153407527828,0.15092259645462036,0.18121397495269775,6.224311143159866,0.033739023456095384,,2,bilinear,256,256,128,128,0.2932090000005161,0.12316699999992409,7.88829199999963,8.01237499999985
sagittal,130,bilinear,0.6272754073143005,19.985524062610722,0.010033387690782547,0.06352505087852478,0.10016679934380726,0.10016679934380726,0.9524047354351666,0.21996855735778809,0.2505054175853729,6.352505087852478,0.0,,2,bilinear,256,256,128,128,0.2932090000005161,0.11962499999995657,8.426541000000398,8.54695800000016
sagittal,130,bicubic,0.66220623254776,20.585099733231672,0.00873956922441721,0.05876437947154045,0.09348566320253181,0.09348566320253181,0.9582464483375824,0.15193234384059906,0.1573105901479721,5.876437947154045,0.5995756706209525,,2,bilinear,256,256,128,128,0.2932090000005161,0.17449999999996635,8.163291999999878,8.3386670000003
sagittal,130,lanczos,0.6608608961105347,20.619057821486734,0.008671499788761139,0.05876564607024193,0.09312088803679408,0.09312088803679408,0.9586050326851612,0.14310769736766815,0.1558491289615631,5.876564607024193,0.6335337588760126,,2,bilinear,256,256,128,128,0.2932090000005161,0.2420000000000755,8.202625000000019,8.445333000000055
sagittal,131,nearest,0.6432635188102722,20.072981392473555,0.009833358228206635,0.06190478801727295,0.0991632907290124,0.0991632907290124,0.9530069189708219,0.14750641584396362,0.18041881918907166,6.190478801727295,0.009436586740304214,,2,bilinear,256,256,128,128,0.2507500000001883,0.11441699999981125,7.895207999999876,8.010207999999963
sagittal,131,bilinear,0.6253706216812134,20.06354480573325,0.009854747913777828,0.06292528659105301,0.09927108296869652,0.09927108296869652,0.9535784636264619,0.21300923824310303,0.24861271679401398,6.292528659105301,0.0,,2,bilinear,256,256,128,128,0.2507500000001883,0.13599999999946988,8.37333299999976,8.510165999999764
sagittal,131,bicubic,0.6599713563919067,20.651627124178525,0.008606712333858013,0.05834939330816269,0.0927723683747376,0.0927723683747376,0.9591521595044855,0.14783312380313873,0.1568562239408493,5.834939330816269,0.588082318445275,,2,bilinear,256,256,128,128,0.2507500000001883,0.16679199999991567,8.130625000000613,8.298249999999285
sagittal,131,lanczos,0.6584130525588989,20.68319737102529,0.008544374257326126,0.058355994522571564,0.09243578450646765,0.09243578450646765,0.9594828175773751,0.1394423544406891,0.15540571510791779,5.835599452257156,0.6196525652920386,,2,bilinear,256,256,128,128,0.2507500000001883,0.23850000000003035,8.480416999999463,8.723208000000149
sagittal,132,nearest,0.64088374376297,20.06759969272261,0.0098455511033535,0.06203203648328781,0.09922475045750179,0.09922475045750179,0.9532059146871892,0.14727680385112762,0.18415972590446472,6.203203648328781,0.04151084760253923,,2,bilinear,256,256,128,128,0.26199999999931833,0.11574999999997004,7.8846249999999785,8.001290999999355
sagittal,132,bilinear,0.6226337552070618,20.026088845120068,0.00994010828435421,0.0631355345249176,0.09970009169681947,0.09970009169681947,0.9533678457592776,0.2139933556318283,0.25133848190307617,6.31355345249176,0.0,,2,bilinear,256,256,128,128,0.26199999999931833,0.17654100000008555,8.058540999999586,8.235916999999482
sagittal,132,bicubic,0.6571528911590576,20.59934727091431,0.008710945025086403,0.058587778359651566,0.09333244358253139,0.09333244358253139,0.9588588894094412,0.14914381504058838,0.16076403856277466,5.8587778359651566,0.5732584257942438,,2,bilinear,256,256,128,128,0.26199999999931833,0.15808299999964248,8.282040999999296,8.441291999999656
sagittal,132,lanczos,0.6556001305580139,20.626679040086277,0.008656295947730541,0.05864490568637848,0.09303921725665226,0.09303921725665226,0.9591500255343415,0.141079843044281,0.15968850255012512,5.864490568637848,0.6005901949662097,,2,bilinear,256,256,128,128,0.26199999999931833,0.2466249999999448,8.260833000000467,8.508207999999406
sagittal,133,nearest,0.6414098739624023,20.01950197719452,0.00995519571006298,0.06202854961156845,0.09977572705855357,0.09977572705855357,0.9533362868498552,0.15073058009147644,0.18478742241859436,6.202854961156845,0.04377200684526712,,2,bilinear,256,256,128,128,0.26116600000047896,0.11670799999929926,7.875042000000221,7.992750000000548
sagittal,133,bilinear,0.6229973435401917,19.97572997034925,0.01005604024976492,0.06326325237751007,0.10027980978125617,0.10027980978125617,0.9534832079221666,0.21731725335121155,0.2532706558704376,6.326325237751007,0.0,,2,bilinear,256,256,128,128,0.26116600000047896,0.12104199999996013,8.112709000000606,8.234459000000527
sagittal,133,bicubic,0.657077968120575,20.54534757370016,0.008819932118058205,0.058713048696517944,0.0939144936527808,0.0939144936527808,0.9589213638361141,0.15172259509563446,0.160908505320549,5.871304869651794,0.5696176033509106,,2,bilinear,256,256,128,128,0.26116600000047896,0.15766699999986145,8.428834000000052,8.587708000000305
sagittal,133,lanczos,0.6554596424102783,20.568238875749042,0.008773565292358398,0.0587715245783329,0.09366731176007134,0.09366731176007134,0.9591660290555891,0.1435239166021347,0.15948529541492462,5.87715245783329,0.5925089053997933,,2,bilinear,256,256,128,128,0.26116600000047896,0.2649579999998153,8.363875000000576,8.629500000000512
coronal,113,nearest,0.6523796916007996,20.069270791553283,0.00984176341444254,0.061369266360998154,0.09920566220958629,0.09920566220958629,0.9504906496892633,0.14830009639263153,0.18107540905475616,6.136926636099815,0.0154709615936878,,2,bilinear,256,236,128,118,0.25879199999945257,0.10720900000027456,7.270541000000463,7.378583000000383
coronal,113,bilinear,0.6410464644432068,20.053799829959594,0.009876885451376438,0.06212539225816727,0.09938252085440598,0.09938252085440598,0.9509498556745386,0.21210026741027832,0.24548642337322235,6.212539225816727,0.0,,2,bilinear,256,236,128,118,0.25879199999945257,0.10991699999962634,7.772958999999524,7.883792000000334
coronal,113,bicubic,0.6684601306915283,20.58694577644581,0.008735855109989643,0.05800137668848038,0.09346579647116715,0.09346579647116715,0.9563173266568485,0.15028302371501923,0.1592138707637787,5.800137668848038,0.5331459464862164,,2,bilinear,256,236,128,118,0.25879199999945257,0.149541999999947,7.335959000000614,7.486083000000754
coronal,113,lanczos,0.6673285961151123,20.61567422818954,0.008678258396685123,0.05799834057688713,0.0931571703986608,0.0931571703986608,0.9566394273709927,0.14249323308467865,0.1573888212442398,5.799834057688713,0.5618743982299469,,2,bilinear,256,236,128,118,0.25879199999945257,0.21945800000011673,7.422374999999981,7.642624999999903
coronal,114,nearest,0.6552038192749023,20.125342481925024,0.009715513326227665,0.061005692929029465,0.09856730353533906,0.09856730353533906,0.9512983100614254,0.14818134903907776,0.18147900700569153,6.1005692929029465,0.015296218382681562,,2,bilinear,256,236,128,118,0.23241700000031784,0.10708300000050741,7.023541999999772,7.1311659999997445
coronal,114,bilinear,0.64528489112854,20.110046263542344,0.009749792516231537,0.0617397241294384,0.09874103765016619,0.09874103765016619,0.9517767250729816,0.21159933507442474,0.2460550218820572,6.17397241294384,0.0,,2,bilinear,256,236,128,118,0.23241700000031784,0.10604099999955707,7.524832999999731,7.631707999999904
coronal,114,bicubic,0.6729862689971924,20.660275200170794,0.008589590899646282,0.05750010535120964,0.09268004585479164,0.09268004585479164,0.9572082386098939,0.15033529698848724,0.15872202813625336,5.750010535120964,0.5502289366284487,,2,bilinear,256,236,128,118,0.23241700000031784,0.1635840000000499,7.258167000000704,7.422250000000297
coronal,114,lanczos,0.6716761589050293,20.67379452019377,0.008562893606722355,0.057565320283174515,0.09253590441943255,0.09253590441943255,0.957368633730578,0.14332951605319977,0.157678484916687,5.7565320283174515,0.563748256651424,,2,bilinear,256,236,128,118,0.23241700000031784,0.22229200000012383,7.4864999999997295,7.709834000000804
coronal,115,nearest,0.653934895992279,20.171378243989903,0.00961307156831026,0.060743141919374466,0.09804627258754033,0.09804627258754033,0.9518181651785428,0.146028071641922,0.18344971537590027,6.074314191937447,-0.0020861497876943674,,2,bilinear,256,236,128,118,0.27308299999972974,0.11029100000037317,7.131708000000181,7.242499999999374
coronal,115,bilinear,0.6448118686676025,20.1734643937776,0.009608455002307892,0.061389319598674774,0.09802272696833063,0.09802272696833063,0.9524724953456445,0.20816929638385773,0.24816758930683136,6.138931959867477,0.0,,2,bilinear,256,236,128,118,0.27308299999972974,0.10566699999969842,7.502791999999481,7.609167000000028
coronal,115,bicubic,0.6716825366020203,20.726669218829265,0.008459273725748062,0.05723856762051582,0.09197431014010414,0.09197431014010414,0.9578625472671187,0.14749759435653687,0.16038435697555542,5.723856762051582,0.553204825051667,,2,bilinear,256,236,128,118,0.27308299999972974,0.14995799999972803,7.366082999999968,7.516708999999899
coronal,115,lanczos,0.6701289415359497,20.749657526299877,0.0084146149456501,0.057306475937366486,0.09173121031388445,0.09173121031388445,0.9581169655630389,0.1407071202993393,0.1591929942369461,5.730647593736649,0.5761931325222798,,2,bilinear,256,236,128,118,0.27308299999972974,0.2203749999996063,7.394665999999717,7.6156660000004095
coronal,116,nearest,0.6584708094596863,20.25336300140548,0.009433301165699959,0.0603012852370739,0.09712518296353402,0.09712518296353402,0.952274299175552,0.1440652757883072,0.18037137389183044,6.03012852370739,0.019409266520886218,,2,bilinear,256,236,128,118,0.24204199999999787,0.11083299999992136,7.229167000000203,7.340624999999434
coronal,116,bilinear,0.648252546787262,20.23395373488459,0.009475554339587688,0.06123768910765648,0.09734245907921008,0.09734245907921008,0.9527070768385932,0.20514453947544098,0.24597598612308502,6.123768910765648,0.0,,2,bilinear,256,236,128,118,0.24204199999999787,0.10433300000034507,7.121000000000599,7.22574999999992
coronal,116,bicubic,0.6756151914596558,20.802248881340798,0.008313331753015518,0.056982725858688354,0.09117747393416599,0.09117747393416599,0.9582023708443481,0.1435958594083786,0.15790171921253204,5.6982725858688354,0.568295146456208,,2,bilinear,256,236,128,118,0.24204199999999787,0.1463329999999985,7.29891699999996,7.445833000000235
coronal,116,lanczos,0.6743983030319214,20.83668637240395,0.008247671648859978,0.05695304647088051,0.0908166925672807,0.0908166925672807,0.9585690133364129,0.13628636300563812,0.15608568489551544,5.695304647088051,0.602732637519359,,2,bilinear,256,236,128,118,0.24204199999999787,0.21775000000001654,7.316125000000007,7.534708999999751
coronal,117,nearest,0.6557543873786926,20.24616783335754,0.009448942728340626,0.060406506061553955,0.09720567230537848,0.09720567230537848,0.9521627966740971,0.14383386075496674,0.18158331513404846,6.0406506061553955,0.023850341754150545,,2,bilinear,256,236,128,118,0.23295899999986602,0.11212499999935233,7.6075840000005,7.720749999999832
coronal,117,bilinear,0.6452646255493164,20.222317491603388,0.009500976651906967,0.06126999482512474,0.09747295343789972,0.09747295343789972,0.9525709012093769,0.20658992230892181,0.24749648571014404,6.126999482512474,0.0,,2,bilinear,256,236,128,118,0.23295899999986602,0.11462500000014586,7.268250000000087,7.383625000000116
coronal,117,bicubic,0.6734184622764587,20.8067321328464,0.00830475427210331,0.05690084025263786,0.09113042451400799,0.09113042451400799,0.9582278019025822,0.14393463730812073,0.1579110026359558,5.690084025263786,0.5844146412430109,,2,bilinear,256,236,128,118,0.23295899999986602,0.14562500000003809,7.341375000000205,7.487667000000364
coronal,117,lanczos,0.6724372506141663,20.837653554720347,0.008245835080742836,0.05685571953654289,0.09080658060263494,0.09080658060263494,0.9585602037757136,0.1365429162979126,0.15686246752738953,5.685571953654289,0.6153360631169577,,2,bilinear,256,236,128,118,0.23295899999986602,0.21591599999926103,9.017625000000251,9.234125000000759
coronal,118,nearest,0.6571043133735657,20.23198168826596,0.009479857981204987,0.060598328709602356,0.09736456224522856,0.09736456224522856,0.9512916984730201,0.14445042610168457,0.18225418031215668,6.059832870960236,0.007380927250482425,,2,bilinear,256,236,128,118,0.24166700000005648,0.10720800000019182,7.333250000000291,7.441124999999715
coronal,118,bilinear,0.646159827709198,20.22460076101548,0.009495982900261879,0.06133991852402687,0.0974473339823203,0.0974473339823203,0.9518705011411108,0.20518721640110016,0.2471085488796234,6.133991852402687,0.0,,2,bilinear,256,236,128,118,0.24166700000005648,0.12237500000011892,7.42966599999928,7.552708999999602
coronal,118,bicubic,0.6739049553871155,20.796571872971366,0.008324205875396729,0.057069096714258194,0.09123708607466992,0.09123708607466992,0.9575014886176881,0.14379602670669556,0.1590777039527893,5.706909671425819,0.5719711119558865,,2,bilinear,256,236,128,118,0.24166700000005648,0.14550000000035368,7.738583000000077,7.884791000000391
coronal,118,lanczos,0.6728178262710571,20.833324980516007,0.008254057727754116,0.05704834684729576,0.09085184493313339,0.09085184493313339,0.9578997836207583,0.1362137347459793,0.15825755894184113,5.704834684729576,0.6087242195005292,,2,bilinear,256,236,128,118,0.24166700000005648,0.21929099999962176,7.28500000000043,7.504916999999445
coronal,119,nearest,0.6579782962799072,20.22957598851271,0.009485110640525818,0.06062263250350952,0.097391532694202,0.097391532694202,0.9513867947270002,0.14478331804275513,0.17924542725086212,6.062263250350952,0.06730999924129737,,2,bilinear,256,236,128,118,0.23312499999939007,0.10658299999999343,7.271207999999696,7.3784169999999705
coronal,119,bilinear,0.6455552577972412,20.16226598927141,0.009633262641727924,0.061846889555454254,0.09814918563965737,0.09814918563965737,0.9512906734522442,0.21029895544052124,0.24430443346500397,6.184688955545425,0.0,,2,bilinear,256,236,128,118,0.23312499999939007,0.11675000000010982,7.21412499999996,7.3314589999995405
coronal,119,bicubic,0.6732934713363647,20.730846309746727,0.00845114141702652,0.0575837567448616,0.09193008983475714,0.09193008983475714,0.9569441335318454,0.14721187949180603,0.1568702608346939,5.75837567448616,0.5685803204753105,,2,bilinear,256,236,128,118,0.23312499999939007,0.1434170000003121,7.266875000000006,7.410916999999628
coronal,119,lanczos,0.672161340713501,20.7631599444867,0.00838849414139986,0.05755824223160744,0.09158872278506705,0.09158872278506705,0.9572988298134931,0.13974811136722565,0.15554450452327728,5.755824223160744,0.6008939552152845,,2,bilinear,256,236,128,118,0.23312499999939007,0.2207080000005135,7.125124999999954,7.346333000000094
coronal,120,nearest,0.6549468636512756,20.11803486824007,0.00973187480121851,0.06111067160964012,0.09865026508438034,0.09865026508438034,0.950224630791922,0.1513214260339737,0.1831144243478775,6.111067160964012,0.04079872783340348,,2,bilinear,256,236,128,118,0.2268749999991826,0.10791600000015222,7.15062500000041,7.259750000000231
coronal,120,bilinear,0.6433714032173157,20.07723614040667,0.009823729284107685,0.062400948256254196,0.09911472788696786,0.09911472788696786,0.9504793521844025,0.2171991914510727,0.2504003942012787,6.24009482562542,0.0,,2,bilinear,256,236,128,118,0.2268749999991826,0.15745800000033228,7.454708000000032,7.612790999999675
coronal,120,bicubic,0.6716034412384033,20.66054125657178,0.008589064702391624,0.057913247495889664,0.09267720702735718,0.09267720702735718,0.9563714765388139,0.15196019411087036,0.1600327491760254,5.791324749588966,0.5833051161651122,,2,bilinear,256,236,128,118,0.2268749999991826,0.1489169999997486,7.24233399999985,7.391832999999792
coronal,120,lanczos,0.6704105734825134,20.69538916750114,0.00852042157202959,0.05787179246544838,0.09230612965577958,0.09230612965577958,0.9567554036067853,0.14359569549560547,0.15806026756763458,5.787179246544838,0.6181530270944762,,2,bilinear,256,236,128,118,0.2268749999991826,0.2157079999998146,7.409707999999959,7.626000000000133
coronal,121,nearest,0.6558764576911926,20.186441034363042,0.009579787962138653,0.06086590513586998,0.09787639123986261,0.09787639123986261,0.9513484964854408,0.1474386304616928,0.1828920543193817,6.086590513586998,0.04996251837179044,,2,bilinear,256,236,128,118,0.22925000000029172,0.10995800000035416,7.365000000000066,7.476250000000739
coronal,121,bilinear,0.6441859602928162,20.13647851599125,0.009690633043646812,0.06188781559467316,0.09844101301615507,0.09844101301615507,0.9514377117887404,0.21148142218589783,0.24911968410015106,6.188781559467316,0.0,,2,bilinear,256,236,128,118,0.22925000000029172,0.11925000000001518,7.480708999999308,7.600624999999361
coronal,121,bicubic,0.6720666885375977,20.704806114236924,0.00850196648389101,0.057613372802734375,0.09220610871244383,0.09220610871244383,0.9570889798699143,0.1478198617696762,0.16048173606395721,5.7613372802734375,0.5683275982456724,,2,bilinear,256,236,128,118,0.22925000000029172,0.14654200000041584,7.516999999999996,7.664415999999896
coronal,121,lanczos,0.6709577441215515,20.74422498867465,0.008425147272646427,0.057538215070962906,0.09178860099514768,0.09178860099514768,0.9575135079220818,0.1395055651664734,0.15837815403938293,5.753821507096291,0.6077464726833972,,2,bilinear,256,236,128,118,0.22925000000029172,0.2508340000000331,7.435083000000731,7.686875000000093
coronal,122,nearest,0.6543861031532288,20.132013587036717,0.009700600989162922,0.061142697930336,0.09849162903091269,0.09849162903091269,0.9516779902383603,0.14851544797420502,0.1834845244884491,6.1142697930336,0.07194414151027322,,2,bilinear,256,236,128,118,0.22829200000007432,0.10633399999981918,7.372249999999525,7.479582999999401
coronal,122,bilinear,0.6422117948532104,20.060069445526448,0.009862637147307396,0.062211811542510986,0.09931081082796271,0.09931081082796271,0.951471414136803,0.21588432788848877,0.24951206147670746,6.221181154251099,0.0,,2,bilinear,256,236,128,118,0.22829200000007432,0.11899999999975819,7.425915999999866,7.545582999999745
coronal,122,bicubic,0.6705896258354187,20.623009381990094,0.008663613349199295,0.057981472462415695,0.09307853323510902,0.09307853323510902,0.9570952976084871,0.151480570435524,0.1609279364347458,5.7981472462415695,0.5629399364636513,,2,bilinear,256,236,128,118,0.22829200000007432,0.14712499999980366,7.602874999999898,7.750999999999841
coronal,122,lanczos,0.6690415143966675,20.648373503273536,0.0086131626740098,0.058013156056404114,0.09280712620273186,0.09280712620273186,0.9573730742329641,0.14361107349395752,0.15916889905929565,5.801315605640411,0.5883040577470913,,2,bilinear,256,236,128,118,0.22829200000007432,0.23429099999994207,7.532667000000437,7.767708000000262
coronal,123,nearest,0.6519074440002441,20.204144446787563,0.009540816769003868,0.060721732676029205,0.09767710463053186,0.09767710463053186,0.9519276199924903,0.14359918236732483,0.18360628187656403,6.0721732676029205,0.03447452520094388,,2,bilinear,256,236,128,118,0.23449999999947124,0.10658299999999343,7.330000000000503,7.437582999999748
coronal,123,bilinear,0.6420621275901794,20.169669921586618,0.009616853669285774,0.061527498066425323,0.09806555801751078,0.09806555801751078,0.9521463968840869,0.2047833800315857,0.2484339475631714,6.152749806642532,0.0,,2,bilinear,256,236,128,118,0.23449999999947124,0.11454199999949566,7.390791999999813,7.506042000000157
coronal,123,bicubic,0.6689563393592834,20.713428801152215,0.008485103026032448,0.057391054928302765,0.09211461895938368,0.09211461895938368,0.9574962033534514,0.14399856328964233,0.160894513130188,5.7391054928302765,0.5437588795655989,,2,bilinear,256,236,128,118,0.23449999999947124,0.14770800000007966,7.46329099999965,7.61195800000003
coronal,123,lanczos,0.6673640608787537,20.741360859900453,0.008430705405771732,0.05741281434893608,0.0918188728191091,0.0918188728191091,0.9578016921906124,0.13652153313159943,0.15962481498718262,5.741281434893608,0.571690938313836,,2,bilinear,256,236,128,118,0.23449999999947124,0.23229199999974526,7.561250000000186,7.794457999999338
coronal,124,nearest,0.6550384163856506,20.23999621956238,0.009462379850447178,0.06032546982169151,0.09727476471545525,0.09727476471545525,0.9516298433873107,0.1438644677400589,0.18336661159992218,6.032546982169151,0.009882050120810986,,2,bilinear,256,236,128,118,0.236000000000125,0.10733299999987622,7.302666999999374,7.4106670000002595
coronal,124,bilinear,0.6465844511985779,20.23011416944157,0.009483935311436653,0.060897741466760635,0.09738549846582217,0.09738549846582217,0.9521210000870338,0.20397228002548218,0.24682334065437317,6.0897741466760635,0.0,,2,bilinear,256,236,128,118,0.236000000000125,0.11625000000048402,7.5526249999997574,7.6694580000005175
coronal,124,bicubic,0.6724305152893066,20.76990205822735,0.008375481702387333,0.05697956681251526,0.0915176578720595,0.0915176578720595,0.9574393011215268,0.14485234022140503,0.16119173169136047,5.697956681251526,0.5397878887857793,,2,bilinear,256,236,128,118,0.236000000000125,0.15237499999987136,7.311708000000472,7.4647920000003865
coronal,124,lanczos,0.6708702445030212,20.805795670941677,0.008306545205414295,0.05700169503688812,0.09114025019394173,0.09114025019394173,0.9578265064038061,0.1370362937450409,0.16009339690208435,5.700169503688812,0.5756815015001064,,2,bilinear,256,236,128,118,0.236000000000125,0.22374999999996703,7.764791000000493,7.989459000000032
coronal,125,nearest,0.6514772176742554,20.421541263273646,0.0090749841183424,0.059180550277233124,0.09526271105916732,0.09526271105916732,0.9515309028179051,0.13407577574253082,0.1792326271533966,5.918055027723312,0.008500899445989722,,2,bilinear,256,236,128,118,0.24062499999999432,0.10691700000009519,7.2192500000003434,7.326791999999749
coronal,125,bilinear,0.6454108357429504,20.413040363827655,0.009092764928936958,0.059717241674661636,0.09535599052464905,0.09535599052464905,0.9520487310791534,0.19151438772678375,0.24205437302589417,5.971724167466164,0.0,,2,bilinear,256,236,128,118,0.24062499999999432,0.10900000000013677,7.511667000000166,7.621333000000341
coronal,125,bicubic,0.6705312132835388,20.944715370334336,0.008045044727623463,0.05582223832607269,0.08969417332036381,0.08969417332036381,0.9572875760211222,0.13589702546596527,0.15674975514411926,5.582223832607269,0.5316750065066842,,2,bilinear,256,236,128,118,0.24062499999999432,0.1452500000000967,7.304125000000106,7.449958000000478
coronal,125,lanczos,0.66850346326828,20.962481296795833,0.008012201637029648,0.05591985955834389,0.08951090233613807,0.08951090233613807,0.9574925824282998,0.12956897914409637,0.15658828616142273,5.591985955834389,0.5494409329681772,,2,bilinear,256,236,128,118,0.24062499999999432,0.22199999999994446,7.360459000000041,7.583291999999631
coronal,126,nearest,0.6555612087249756,20.51743083018732,0.008876809850335121,0.05852470174431801,0.09421682360563384,0.09421682360563384,0.9508004595894429,0.13152040541172028,0.18084180355072021,5.852470174431801,0.03136612687341132,,2,bilinear,256,236,128,118,0.23800000000040455,0.1079580000000746,7.03279199999951,7.141374999999783
coronal,126,bilinear,0.6470428705215454,20.48606470331391,0.008941153064370155,0.05926993861794472,0.0945576705739421,0.0945576705739421,0.951067648536352,0.1899542212486267,0.24296210706233978,5.926993861794472,0.0,,2,bilinear,256,236,128,118,0.23800000000040455,0.1040410000001657,7.308625000000291,7.4132909999997665
coronal,126,bicubic,0.6722455620765686,21.01085609655239,0.007923451252281666,0.05547160655260086,0.08901377001499075,0.08901377001499075,0.9563436860175122,0.13496291637420654,0.15971720218658447,5.547160655260086,0.5247913932384823,,2,bilinear,256,236,128,118,0.23800000000040455,0.14808399999921562,7.412540999999884,7.5611250000005015
coronal,126,lanczos,0.6706732511520386,21.02943809788268,0.007889621891081333,0.055544860661029816,0.08882354356296157,0.08882354356296157,0.9565619502200519,0.12843172252178192,0.15922603011131287,5.554486066102982,0.5433733945687653,,2,bilinear,256,236,128,118,0.23800000000040455,0.21812499999995794,7.046583000000162,7.265333000000318
coronal,127,nearest,0.6534585952758789,20.608897722059133,0.008691810071468353,0.05817566439509392,0.09322987756866548,0.09322987756866548,0.9504634471700939,0.1298098862171173,0.18041107058525085,5.817566439509392,0.06513335139690307,,2,bilinear,256,236,128,118,0.22633399999971715,0.10670799999967784,6.887457999999569,6.994625000000809
coronal,127,bilinear,0.6435872316360474,20.54376437066223,0.008823147974908352,0.05911030247807503,0.09393161328811697,0.09393161328811697,0.9503652063876309,0.18715116381645203,0.24246616661548615,5.911030247807503,0.0,,2,bilinear,256,236,128,118,0.22633399999971715,0.1024999999996723,7.170792000000148,7.273917000000019
coronal,127,bicubic,0.6687535643577576,21.065403501936842,0.007824555039405823,0.05529290437698364,0.08845651496303607,0.08845651496303607,0.9556635865688357,0.1328912079334259,0.15909431874752045,5.529290437698364,0.5216391312746076,,2,bilinear,256,236,128,118,0.22633399999971715,0.1451669999994465,7.149207999999518,7.295000000000051
coronal,127,lanczos,0.6665952205657959,21.076172951135206,0.007805176079273224,0.055382996797561646,0.0883469075818346,0.0883469075818346,0.9558001838254899,0.12643659114837646,0.15879343450069427,5.5382996797561646,0.5324085804729732,,2,bilinear,256,236,128,118,0.22633399999971715,0.2243339999994376,7.176750000000176,7.401624999999967
coronal,128,nearest,0.6543405055999756,20.584810492154713,0.008740151301026344,0.05793146789073944,0.09348877633719646,0.09348877633719646,0.9485764606765898,0.1326921135187149,0.18256622552871704,5.793146789073944,0.05434047955986721,,2,bilinear,256,236,128,118,0.22495800000044142,0.10645900000039177,7.092499999999724,7.199582999999343
coronal,128,bilinear,0.6439786553382874,20.530470012594847,0.008850198239088058,0.05888509750366211,0.0940754922340992,0.0940754922340992,0.9486009295479859,0.18947778642177582,0.24312914907932281,5.888509750366211,0.0,,2,bilinear,256,236,128,118,0.22495800000044142,0.14591700000021746,7.800540999999939,7.948666999999965
coronal,128,bicubic,0.6693174242973328,21.046758412853627,0.007858219556510448,0.0550478957593441,0.08864659923826998,0.08864659923826998,0.9540405998809547,0.13514147698879242,0.16159695386886597,5.50478957593441,0.5162884002587792,,2,bilinear,256,236,128,118,0.22495800000044142,0.19416700000007836,8.00612500000053,8.202041999999743
coronal,128,lanczos,0.6673718094825745,21.06471346624501,0.007825798355042934,0.05513161048293114,0.08846354251918094,0.08846354251918094,0.9542646073893543,0.12885916233062744,0.1620534360408783,5.513161048293114,0.5342434536501638,,2,bilinear,256,236,128,118,0.22495800000044142,0.31158299999844985,7.873790999999741,8.18829199999982
coronal,129,nearest,0.6580392122268677,20.514129108004433,0.008883561007678509,0.05866483226418495,0.094252644565967,0.094252644565967,0.9489367528121635,0.13421009480953217,0.18007545173168182,5.866483226418495,0.07380354187662372,,2,bilinear,256,236,128,118,0.27704199999867285,0.10762500000005559,7.447624999999292,7.556042000000929
coronal,129,bilinear,0.6457948684692383,20.440325566127807,0.009035817347466946,0.059780772775411606,0.09505691635786923,0.09505691635786923,0.9487537288581707,0.19393520057201385,0.2421465367078781,5.978077277541161,0.0,,2,bilinear,256,236,128,118,0.27704199999867285,0.1100420000010871,7.596125000000953,7.706957999999986
coronal,129,bicubic,0.6717658638954163,20.979888853259077,0.00798015110194683,0.05591859295964241,0.0893316914759081,0.0893316914759081,0.9544052350081688,0.13705293834209442,0.15843293070793152,5.591859295964241,0.5395632871312707,,2,bilinear,256,236,128,118,0.27704199999867285,0.17049999999940724,15.337499999999338,15.509082999999535
coronal,129,lanczos,0.6694326400756836,20.992871250931255,0.007956331595778465,0.056023795157670975,0.0891982712600332,0.0891982712600332,0.9545722414132448,0.130897656083107,0.15848784148693085,5.6023795157670975,0.5525456848034505,,2,bilinear,256,236,128,118,0.27704199999867285,0.247832999999531,8.25895800000076,8.508582999999348
coronal,130,nearest,0.6555046439170837,20.43582476401001,0.009045186452567577,0.059121254831552505,0.09510618514359398,0.09510618514359398,0.9467883911630242,0.13782848417758942,0.1816672682762146,5.9121254831552505,0.07175113593652005,,2,bilinear,256,236,128,118,0.30079200000088235,0.13083300000005238,8.575666000000481,8.70883400000011
coronal,130,bilinear,0.6441839933395386,20.36407362807349,0.00919586606323719,0.06024828180670738,0.09589507840988082,0.09589507840988082,0.9466083741059518,0.19658054411411285,0.2447606474161148,6.024828180670738,0.0,,2,bilinear,256,236,128,118,0.30079200000088235,0.139416999999753,8.555916999998914,8.697500000000247
coronal,130,bicubic,0.6698427200317383,20.8862486989155,0.008154083043336868,0.05635824427008629,0.09029996148026237,0.09029996148026237,0.9523207167520309,0.13912516832351685,0.1609572321176529,5.635824427008629,0.5221750708420102,,2,bilinear,256,236,128,118,0.30079200000088235,0.17166700000004198,10.013999999999967,10.186875000000484
coronal,130,lanczos,0.6682844758033752,20.91787846926115,0.008094912394881248,0.05633169040083885,0.08997173108749908,0.08997173108749908,0.9527041548756254,0.13209353387355804,0.15970461070537567,5.633169040083885,0.5538048411876582,,2,bilinear,256,236,128,118,0.30079200000088235,0.24924999999953457,9.883334000001298,10.13383400000123
coronal,131,nearest,0.6546788811683655,20.539184906300942,0.008832456544041634,0.05861184000968933,0.09398114993998335,0.09398114993998335,0.9463332534683382,0.13518807291984558,0.181431382894516,5.861184000968933,0.10212311026408605,,2,bilinear,256,236,128,118,0.2607079999989992,0.1113339999996299,7.837041000000156,7.949290999999192
coronal,131,bilinear,0.6422199606895447,20.437061796036854,0.009042610414326191,0.05982476472854614,0.09509264122068642,0.09509264122068642,0.9457774124478925,0.1949894279241562,0.24435265362262726,5.982476472854614,0.0,,2,bilinear,256,236,128,118,0.2607079999989992,0.1295829999996556,10.18150000000162,10.312790999998711
coronal,131,bicubic,0.6676661372184753,20.95038611986017,0.008034546859562397,0.05608869343996048,0.0896356338715937,0.0896356338715937,0.9514645066483332,0.13834208250045776,0.16207079589366913,5.608869343996048,0.5133243238233179,,2,bilinear,256,236,128,118,0.2607079999989992,0.26283299999896315,8.400791999999768,8.666333000000748
coronal,131,lanczos,0.6660439372062683,20.975964621998855,0.007987365126609802,0.05613154172897339,0.08937206010051353,0.08937206010051353,0.9517802973042113,0.1315942406654358,0.16028431057929993,5.613154172897339,0.5389028259620003,,2,bilinear,256,236,128,118,0.2607079999989992,0.2723330000016233,8.391458000000185,8.665290999999797
coronal,132,nearest,0.6535771489143372,20.516182084155567,0.008879362605512142,0.05871327221393585,0.09423036986827624,0.09423036986827624,0.946304144154192,0.13482986390590668,0.1841217279434204,5.871327221393585,0.07293969160571528,,2,bilinear,256,236,128,118,0.43687500000011426,0.26983300000082977,8.388333999999276,8.661207999999476
coronal,132,bilinear,0.6417868137359619,20.443242392549852,0.0090297507122159,0.05969907343387604,0.09502500045891028,0.09502500045891028,0.9461035414871998,0.1917751580476761,0.24657873809337616,5.969907343387604,0.0,,2,bilinear,256,236,128,118,0.43687500000011426,0.119291000000743,7.719165999999333,7.853958000000105
coronal,132,bicubic,0.6670384407043457,20.945599805575004,0.008043406531214714,0.05609110742807388,0.08968504073263675,0.08968504073263675,0.9516497188055637,0.13738633692264557,0.16356390714645386,5.609110742807388,0.5023574130251519,,2,bilinear,256,236,128,118,0.43687500000011426,0.1972089999995319,8.693415999999843,8.892666999999577
coronal,132,lanczos,0.6648458242416382,20.95713909385794,0.008022063411772251,0.056205350905656815,0.08956597239896551,0.08956597239896551,0.9518026338860971,0.13139021396636963,0.16286984086036682,5.6205350905656815,0.5138967013080902,,2,bilinear,256,236,128,118,0.43687500000011426,0.24666700000075537,8.514625000000109,8.763000000000076
coronal,133,nearest,0.6496737599372864,20.28745259859949,0.009359545074403286,0.06014712527394295,0.0967447418436955,0.0967447418436955,0.9450188641689745,0.13998278975486755,0.1862633228302002,6.014712527394295,0.031139111135170778,,2,bilinear,256,236,128,118,0.2575410000016376,0.10954200000057313,8.580500000000768,8.691083000000432
coronal,133,bilinear,0.6391175389289856,20.25631348746432,0.009426894597709179,0.06106170639395714,0.09709219637905601,0.09709219637905601,0.9453620013049039,0.19839100539684296,0.25081226229667664,6.106170639395714,0.0,,2,bilinear,256,236,128,118,0.2575410000016376,0.2961660000000421,8.713374999999246,9.012124999999926
coronal,133,bicubic,0.6652070879936218,20.76478130357531,0.008385363034904003,0.05725368484854698,0.0915716278926175,0.0915716278926175,0.951065622597294,0.14153634011745453,0.164424329996109,5.725368484854698,0.5084678161109925,,2,bilinear,256,236,128,118,0.2575410000016376,0.40912500000089835,7.8580840000004315,8.268666999999397
coronal,133,lanczos,0.6629870533943176,20.77164381478578,0.00837212335318327,0.05737971141934395,0.09149930793827497,0.09149930793827497,0.9511646619096757,0.13467831909656525,0.1637001633644104,5.737971141934395,0.5153303273214591,,2,bilinear,256,236,128,118,0.2575410000016376,0.2350419999999076,8.403333000000401,8.63937499999956
coronal,134,nearest,0.651123046875,20.157675917930714,0.009643449448049068,0.061142731457948685,0.09820106643030445,0.09820106643030445,0.9453532679150073,0.14509817957878113,0.1835724264383316,6.1142731457948685,0.08028290717076941,,2,bilinear,256,236,128,118,0.25408399999982123,0.10904200000005915,8.744542000000521,8.857332999999912
coronal,134,bilinear,0.6389985084533691,20.07739301075994,0.009823374450206757,0.062084462493658066,0.09911293785478643,0.09911293785478643,0.9450241797879793,0.20785903930664062,0.24822892248630524,6.208446249365807,0.0,,2,bilinear,256,236,128,118,0.25408399999982123,0.27208300000047814,9.133624999998702,9.4096669999999
coronal,134,bicubic,0.6649808883666992,20.585731039861162,0.008738298900425434,0.058187250047922134,0.09347886873740735,0.09347886873740735,0.9507720837110226,0.14814427495002747,0.1617429554462433,5.818725004792213,0.5083380291012216,,2,bilinear,256,236,128,118,0.25408399999982123,0.27116699999929494,9.287999999999741,9.56199999999896
coronal,134,lanczos,0.6632398366928101,20.597273640112455,0.00871510524302721,0.05830108001828194,0.09335472801645994,0.09335472801645994,0.9509298753379372,0.14135871827602386,0.1609196811914444,5.830108001828194,0.5198806293525136,,2,bilinear,256,236,128,118,0.25408399999982123,0.25012499999910176,10.595041000000194,10.846417000001551
coronal,135,nearest,0.6504698991775513,20.09610239733675,0.009781146422028542,0.0615336149930954,0.09889967857393947,0.09889967857393947,0.9465327576090322,0.14784090220928192,0.18454748392105103,6.15336149930954,0.08917997457862561,,2,bilinear,256,236,128,118,0.25870899999880237,0.10812500000056957,9.143250000001046,9.252416000000707
coronal,135,bilinear,0.638433039188385,20.006922422758123,0.009984073229134083,0.06263155490159988,0.09992033441264137,0.09992033441264137,0.9460864761608772,0.2124992311000824,0.24913394451141357,6.263155490159988,0.0,,2,bilinear,256,236,128,118,0.25870899999880237,0.14695900000027962,10.470583000000033,10.618582999999404
coronal,135,bicubic,0.6646738648414612,20.529087759066734,0.00885301548987627,0.05866939574480057,0.09409046439398772,0.09409046439398772,0.9518863971525978,0.15052086114883423,0.16253279149532318,5.866939574480057,0.5221653363086143,,2,bilinear,256,236,128,118,0.25870899999880237,0.16629200000117805,9.06387500000072,9.231584000000126
coronal,135,lanczos,0.6626786589622498,20.551681571135695,0.008807078003883362,0.05872993916273117,0.09384603350106685,0.09384603350106685,0.9521689303704167,0.14313562214374542,0.16166654229164124,5.872993916273117,0.5447591483775703,,2,bilinear,256,236,128,118,0.25870899999880237,0.2359580000010908,9.801458000000096,10.038874999999337
coronal,136,nearest,0.648483395576477,20.09889950830079,0.009774848818778992,0.06158336624503136,0.0988678351071722,0.0988678351071722,0.9471517077897096,0.14588326215744019,0.18560683727264404,6.158336624503136,0.0895558577577184,,2,bilinear,256,236,128,118,0.2557079999991885,0.10870799999906922,9.485499999998481,9.595457999999724
coronal,136,bilinear,0.6378135085105896,20.009343650543073,0.009978508576750755,0.06254379451274872,0.09989248508647063,0.09989248508647063,0.9467059198843626,0.21034123003482819,0.24876052141189575,6.254379451274872,0.0,,2,bilinear,256,236,128,118,0.2557079999991885,0.1199579999990874,7.920083000000133,8.041125000000093
coronal,136,bicubic,0.663368821144104,20.516077316977203,0.008879576809704304,0.058630265295505524,0.0942315064599113,0.0942315064599113,0.9522602432991997,0.1501007080078125,0.1641787886619568,5.863026529550552,0.5067336664341355,,2,bilinear,256,236,128,118,0.2557079999991885,0.15745800000033228,10.780957999999785,10.940166999999335
coronal,136,lanczos,0.6614004373550415,20.536360371944543,0.008838202804327011,0.05867457389831543,0.0940117163141223,0.0940117163141223,0.9525151312529928,0.1428527981042862,0.16316504776477814,5.867457389831543,0.5270167214014708,,2,bilinear,256,236,128,118,0.2557079999991885,0.34450000000063596,9.199708000000584,9.54645900000095
coronal,137,nearest,0.6493462324142456,20.126099402680126,0.009713820181787014,0.06105276569724083,0.09855871438785621,0.09855871438785621,0.9475842474423358,0.1468242108821869,0.18285474181175232,6.105276569724083,0.049915917496376694,,2,bilinear,256,236,128,118,0.30254200000001674,0.10920899999966593,8.783334000000309,8.894000000001512
coronal,137,bilinear,0.6408290266990662,20.076183485183748,0.009826110675930977,0.06192559376358986,0.09912674046860906,0.09912674046860906,0.9476483161827004,0.2083810567855835,0.2449365109205246,6.192559376358986,0.0,,2,bilinear,256,236,128,118,0.30254200000001674,0.16833300000129725,9.885584000000947,10.056875000000076
coronal,137,bicubic,0.6652169227600098,20.578504274122484,0.008752851746976376,0.05803484842181206,0.09355667665632622,0.09355667665632622,0.9530374958923785,0.14911292493343353,0.16169136762619019,5.803484842181206,0.5023207889387311,,2,bilinear,256,236,128,118,0.30254200000001674,0.18866699999975367,8.707417000000106,8.897375000000096
coronal,137,lanczos,0.6631984114646912,20.59303105214639,0.008723623119294643,0.05808503180742264,0.09340033789711172,0.09340033789711172,0.9532277905045269,0.14231006801128387,0.16082605719566345,5.808503180742264,0.5168475669626416,,2,bilinear,256,236,128,118,0.30254200000001674,0.22533299999949463,8.493041999999562,8.718957999999333
coronal,138,nearest,0.6544079780578613,20.08412153334005,0.00980816688388586,0.06108184903860092,0.09903618976861872,0.09903618976861872,0.9472918695849125,0.146540567278862,0.1815810650587082,6.108184903860092,0.06702087036875251,,2,bilinear,256,236,128,118,0.23929099999975278,0.1202499999983786,7.7099999999994395,7.831958000000583
coronal,138,bilinear,0.645538330078125,20.017100662971295,0.009960701689124107,0.06201287731528282,0.09980331502071516,0.09980331502071516,0.9471536126910319,0.21158909797668457,0.2440871298313141,6.201287731528282,0.0,,2,bilinear,256,236,128,118,0.23929099999975278,0.20058400000166898,7.995041000000924,8.196958000000976
coronal,138,bicubic,0.6699090003967285,20.52899958393493,0.008853195235133171,0.05802132189273834,0.09409141956168571,0.09409141956168571,0.9527026175831037,0.15088610351085663,0.16039715707302094,5.802132189273834,0.5118989209636359,,2,bilinear,256,236,128,118,0.23929099999975278,0.1522090000012355,8.010125000000201,8.164042000000649
coronal,138,lanczos,0.6679295897483826,20.540016136134838,0.008830766193568707,0.058110419660806656,0.09397215648035702,0.09397215648035702,0.9528481876685714,0.1433519721031189,0.15956977009773254,5.811041966080666,0.5229154731635449,,2,bilinear,256,236,128,118,0.23929099999975278,0.3399159999997181,8.48041599999938,8.82158399999966
coronal,139,nearest,0.6522148251533508,20.012841110665715,0.009970475919544697,0.06148781627416611,0.09985227047766464,0.09985227047766464,0.9461404896547854,0.15128473937511444,0.18474304676055908,6.148781627416611,0.045477579018589745,,2,bilinear,256,236,128,118,0.2439999999985787,0.11583400000070299,7.8357919999998416,7.952582999999791
coronal,139,bilinear,0.6450923085212708,19.967363531647123,0.010075431317090988,0.06230468675494194,0.10037644801989652,0.10037644801989652,0.9462640500599159,0.21567000448703766,0.24837720394134521,6.230468675494194,0.0,,2,bilinear,256,236,128,118,0.2439999999985787,0.14233299999943938,8.137999999998868,8.28183299999985
coronal,139,bicubic,0.6695002317428589,20.48957513246856,0.008933928795158863,0.058243636041879654,0.09451946252047175,0.09451946252047175,0.9520347445504931,0.15424782037734985,0.16328644752502441,5.824363604187965,0.5222116008214353,,2,bilinear,256,236,128,118,0.2439999999985787,0.15204199999985235,8.275375000000196,8.428458000000916
coronal,139,lanczos,0.6682386994361877,20.51961893756848,0.008872338570654392,0.058210570365190506,0.09419309194762847,0.09419309194762847,0.9524047618339273,0.14647316932678223,0.16159485280513763,5.821057036519051,0.5522554059213581,,2,bilinear,256,236,128,118,0.2439999999985787,0.23545800000057682,8.39620799999885,8.632541999999077
coronal,140,nearest,0.6570498943328857,20.116505270393503,0.00973530299961567,0.06067308038473129,0.09866763906983722,0.09866763906983722,0.9463198342560641,0.14695429801940918,0.18575730919837952,6.067308038473129,0.035180827981363585,,2,bilinear,256,236,128,118,0.2512910000014301,0.10695799999993483,8.174916999999837,8.283125000000169
coronal,140,bilinear,0.6493801474571228,20.08132444241214,0.009814485907554626,0.06142695993185043,0.09906808723072545,0.09906808723072545,0.9465778266701915,0.20893149077892303,0.24748554825782776,6.142695993185043,0.0,,2,bilinear,256,236,128,118,0.2512910000014301,0.13208300000044915,7.568166000000431,7.700874999999385
coronal,140,bicubic,0.6732877492904663,20.590180094812194,0.008729351684451103,0.057599347084760666,0.0934309995903453,0.0934309995903453,0.952162909669793,0.15013259649276733,0.1652011126279831,5.759934708476067,0.5088556524000568,,2,bilinear,256,236,128,118,0.2512910000014301,0.15129199999996956,8.023417000000421,8.175624999999798
coronal,140,lanczos,0.6715822815895081,20.61197613338203,0.008685651235282421,0.05763021856546402,0.09319684133747463,0.09319684133747463,0.9524341102901486,0.14284934103488922,0.16383793950080872,5.763021856546402,0.530651690969889,,2,bilinear,256,236,128,118,0.2512910000014301,0.23862499999971476,7.707083000001447,7.946582999998952
coronal,141,nearest,0.6579487919807434,20.2237987972641,0.00949773658066988,0.06031811609864235,0.0974563316602358,0.0974563316602358,0.9474936297795516,0.14567559957504272,0.1799013614654541,6.031811609864235,0.08410776681576537,,2,bilinear,256,236,128,118,0.24637499999968782,0.11154200000085268,8.09658300000038,8.209000000000799
coronal,141,bilinear,0.6495497822761536,20.139691030448333,0.009683467447757721,0.06125134229660034,0.09840461090699826,0.09840461090699826,0.9471216083997179,0.20721155405044556,0.24101175367832184,6.125134229660034,0.0,,2,bilinear,256,236,128,118,0.24637499999968782,0.11979099999948062,7.576916999999739,7.6973750000011165
coronal,141,bicubic,0.6730671525001526,20.63357977609852,0.00864255242049694,0.057601965963840485,0.09296532913133229,0.09296532913133229,0.952478208284374,0.14907996356487274,0.1602853387594223,5.7601965963840485,0.4938887456501877,,2,bilinear,256,236,128,118,0.24637499999968782,0.151499999999416,8.03733400000084,8.18933299999891
coronal,141,lanczos,0.6711928844451904,20.6542901796566,0.008601436391472816,0.05764913558959961,0.09274392913540389,0.09274392913540389,0.9527386936804686,0.14243121445178986,0.15907496213912964,5.764913558959961,0.5145991492082655,,2,bilinear,256,236,128,118,0.24637499999968782,0.24129200000011508,7.83750000000083,8.079540999998969
coronal,142,nearest,0.6555495858192444,20.221482324394042,0.009502803906798363,0.06047399714589119,0.09748232612529495,0.09748232612529495,0.9472396524289491,0.14335419237613678,0.18024598062038422,6.047399714589119,0.03907574338735234,,2,bilinear,256,236,128,118,0.2508750000007609,0.10916699999974355,8.59912499999993,8.709624999999832
coronal,142,bilinear,0.6485270857810974,20.182406581006692,0.009588691405951977,0.06109146028757095,0.09792186377899462,0.09792186377899462,0.9474446688344743,0.2035897821187973,0.24126043915748596,6.109146028757095,0.0,,2,bilinear,256,236,128,118,0.2508750000007609,0.1292919999986708,7.460500000000536,7.590833999998381
coronal,142,bicubic,0.6727328896522522,20.694083451696006,0.008522983640432358,0.0573190376162529,0.09232000671811261,0.09232000671811261,0.952956475972456,0.14592304825782776,0.1604350507259369,5.73190376162529,0.511676870689316,,2,bilinear,256,236,128,118,0.2508750000007609,0.15533299999859196,8.719375000000085,8.875708000001481
coronal,142,lanczos,0.6712552309036255,20.723651795299162,0.00846515316516161,0.05728090554475784,0.0920062669885134,0.0920062669885134,0.9533148762770186,0.1390247642993927,0.15859387814998627,5.728090554475784,0.5412452142924741,,2,bilinear,256,236,128,118,0.2508750000007609,0.24087499999936313,7.731624999999909,7.973208999999315
coronal,143,nearest,0.6555055379867554,20.16140996621113,0.009635161608457565,0.06068352237343788,0.09815885904215454,0.09815885904215454,0.9465234521199282,0.14552271366119385,0.17856614291667938,6.068352237343788,0.03509778592384689,,2,bilinear,256,236,128,118,0.25083400000092126,0.108333000000016,8.720000000000283,8.829291000001405
coronal,143,bilinear,0.6476923227310181,20.126312180287286,0.009713344275951385,0.061480965465307236,0.09855630003176552,0.09855630003176552,0.9468129155860757,0.20352329313755035,0.24014955759048462,6.148096546530724,0.0,,2,bilinear,256,236,128,118,0.25083400000092126,0.12308300000007932,7.720167000000444,7.844042000000329
coronal,143,bicubic,0.6709283590316772,20.62196701179939,0.008665692992508411,0.057715050876140594,0.09308970400913524,0.09308970400913524,0.9521872016864598,0.14671634137630463,0.1581602543592453,5.7715050876140594,0.49565483151210166,,2,bilinear,256,236,128,118,0.25083400000092126,0.15187500000024556,9.10191699999885,9.254915999999724
coronal,143,lanczos,0.6690109968185425,20.65555105837832,0.008598939515650272,0.0577566884458065,0.09273046703026074,0.09273046703026074,0.9526026795041468,0.13958556950092316,0.1566879004240036,5.77566884458065,0.529238878091033,,2,bilinear,256,236,128,118,0.25083400000092126,0.23091599999958135,8.188291000001513,8.42120799999968
axial,113,nearest,0.6532420516014099,19.91831777339282,0.010189860127866268,0.06248176470398903,0.10094483705403792,0.10094483705403792,0.9413848399071439,0.15717683732509613,0.17968623340129852,6.248176470398903,0.11002829691454649,,2,bilinear,256,236,128,118,0.2589159999999424,0.10995900000132508,8.321457999999282,8.43220800000033
axial,113,bilinear,0.6380339860916138,19.808289476478272,0.010451317764818668,0.06420758366584778,0.10223168669653587,0.10223168669653587,0.9408482356464803,0.2298765629529953,0.2475208342075348,6.420758366584778,0.0,,2,bilinear,256,236,128,118,0.2589159999999424,0.13245799999950236,8.142166999999034,8.275749999999249
axial,113,bicubic,0.6675739884376526,20.38268778028071,0.009156536310911179,0.059370480477809906,0.09568979209357276,0.09568979209357276,0.9477261000402059,0.16076883673667908,0.15746469795703888,5.937048047780991,0.5743983038024372,,2,bilinear,256,236,128,118,0.2589159999999424,0.15991700000128617,8.845875000000447,9.00658299999968
axial,113,lanczos,0.6666942238807678,20.428917550058962,0.009059583768248558,0.05921763554215431,0.0951818457913512,0.0951818457913512,0.9483344082594083,0.15136946737766266,0.154941588640213,5.921763554215431,0.620628073580691,,2,bilinear,256,236,128,118,0.2589159999999424,0.23745799999908002,7.456375000000293,7.694583999999338
axial,114,nearest,0.6509630680084229,19.815185134446857,0.010434736497700214,0.06327575445175171,0.10215055799015596,0.10215055799015596,0.9404571773837108,0.16269679367542267,0.18295782804489136,6.327575445175171,0.10021111680447539,,2,bilinear,256,236,128,118,0.23933299999967517,0.10762500000005559,7.649333999999897,7.75762499999999
axial,114,bilinear,0.6369194984436035,19.714974017642383,0.010678311809897423,0.06485017389059067,0.10333591732741053,0.10333591732741053,0.9400206849160122,0.23699720203876495,0.2507513463497162,6.485017389059067,0.0,,2,bilinear,256,236,128,118,0.23933299999967517,0.10975000000001955,7.228083999999413,7.3385829999992325
axial,114,bicubic,0.6674500107765198,20.30452559892762,0.009322823025286198,0.05984519049525261,0.09655476697339287,0.09655476697339287,0.9472119652511969,0.16535820066928864,0.1599816530942917,5.984519049525261,0.589551581285235,,2,bilinear,256,236,128,118,0.23933299999967517,0.1512080000001248,8.044459000000614,8.196874999999437
axial,114,lanczos,0.6667013764381409,20.35424077485977,0.00921670999377966,0.05970107018947601,0.09600369781305124,0.09600369781305124,0.9478655916334295,0.15497340261936188,0.1579812616109848,5.970107018947601,0.6392667572173838,,2,bilinear,256,236,128,118,0.23933299999967517,0.23012499999985891,7.603207999999029,7.834374999999838
axial,115,nearest,0.6488974094390869,19.710617633998083,0.010689028538763523,0.06388167291879654,0.1033877581668329,0.1033877581668329,0.9394270421341667,0.16817675530910492,0.18336161971092224,6.388167291879654,0.09616823050485633,,2,bilinear,256,236,128,118,0.23570900000002837,0.1082080000003316,7.701750000000729,7.811207999999681
axial,115,bilinear,0.6341788172721863,19.614449403493225,0.010928361676633358,0.06541377305984497,0.10453880464513336,0.10453880464513336,0.9390486374432386,0.24595819413661957,0.25139617919921875,6.541377305984497,0.0,,2,bilinear,256,236,128,118,0.23570900000002837,0.14712499999980366,7.743125000001072,7.891124999998667
axial,115,bicubic,0.6653181910514832,20.20992015553886,0.009528136812150478,0.06047268211841583,0.0976121755323099,0.0976121755323099,0.9464461208375357,0.17192155122756958,0.16072283685207367,6.047268211841583,0.595470752045633,,2,bilinear,256,236,128,118,0.23570900000002837,0.15079200000123194,7.673541999999145,7.825332999999546
axial,115,lanczos,0.664589524269104,20.262389332349755,0.009413715451955795,0.06031641736626625,0.09702430340876349,0.09702430340876349,0.9471429150634063,0.16072380542755127,0.15805451571941376,6.031641736626625,0.6479399288565315,,2,bilinear,256,236,128,118,0.23570900000002837,0.222542000001269,7.500249999999653,7.7235830000006445
axial,116,nearest,0.6517247557640076,19.784144701810465,0.010509584099054337,0.06342054158449173,0.10251626260771672,0.10251626260771672,0.9400136289315992,0.16563017666339874,0.18362773954868317,6.342054158449173,0.11859208854309083,,2,bilinear,256,236,128,118,0.2440840000001998,0.10683300000025042,7.608666999999514,7.716166999999885
axial,116,bilinear,0.636310338973999,19.665552613267373,0.010800521820783615,0.06513868272304535,0.10392555903522298,0.10392555903522298,0.9393074160445692,0.2432783544063568,0.25076138973236084,6.513868272304535,0.0,,2,bilinear,256,236,128,118,0.2440840000001998,0.12783300000052122,7.26799999999983,7.396416999998934
axial,116,bicubic,0.6672111749649048,20.262669049019486,0.00941310916095972,0.06014475226402283,0.09702117892996209,0.09702117892996209,0.946697051279456,0.17029552161693573,0.16119638085365295,6.014475226402283,0.597116435752111,,2,bilinear,256,236,128,118,0.2440840000001998,0.1472909999993277,7.3550000000004445,7.502958999999976
axial,116,lanczos,0.6660118699073792,20.309849131049923,0.009311402216553688,0.059990253299474716,0.09649560723967536,0.09649560723967536,0.9473281348060011,0.15972745418548584,0.15886330604553223,5.999025329947472,0.6442965177825472,,2,bilinear,256,236,128,118,0.2440840000001998,0.2900829999994414,7.661541999999244,7.953125000000227
axial,117,nearest,0.6452828049659729,19.79817535131646,0.010475685819983482,0.06349803507328033,0.10235079784732252,0.10235079784732252,0.9407978391540878,0.1665351688861847,0.18341964483261108,6.3498035073280334,0.07395961304991641,,2,bilinear,256,236,128,118,0.23541699999896082,0.10699999999985721,7.199417000000707,7.307000000000841
axial,117,bilinear,0.6313779950141907,19.72421573826654,0.01065561268478632,0.06501471996307373,0.10322602716750422,0.10322602716750422,0.9407303376820342,0.2408144772052765,0.24957017600536346,6.501471996307373,0.0,,2,bilinear,256,236,128,118,0.23541699999896082,0.11520800000042186,7.291457999999196,7.407249999999976
axial,117,bicubic,0.6624345779418945,20.30895179564359,0.009313326328992844,0.060079146176576614,0.09650557667302363,0.09650557667302363,0.9477860554864787,0.1707460582256317,0.16087394952774048,6.007914617657661,0.5847360573770508,,2,bilinear,256,236,128,118,0.23541699999896082,0.150333999998864,7.664249999999484,7.815292000000085
axial,117,lanczos,0.6611201167106628,20.351810707148278,0.009221868589520454,0.059970345348119736,0.09603056070606093,0.09603056070606093,0.9483549982940191,0.1606631577014923,0.158421128988266,5.997034534811974,0.6275949688817393,,2,bilinear,256,236,128,118,0.23541699999896082,0.22583400000009135,7.552041000000287,7.778749999999945
axial,118,nearest,0.6505903005599976,19.717957141203467,0.010670979507267475,0.06396863609552383,0.10330043323852749,0.10330043323852749,0.9408761533404633,0.1683645397424698,0.18029187619686127,6.396863609552383,0.10962317860426443,,2,bilinear,256,236,128,118,0.23916600000006838,0.10641699999958121,7.191333999999827,7.298457999999286
axial,118,bilinear,0.6343024373054504,19.608333962599204,0.010943761095404625,0.06583254039287567,0.10461243279555554,0.10461243279555554,0.9402812037599355,0.24456259608268738,0.2460363805294037,6.583254039287567,0.0,,2,bilinear,256,236,128,118,0.23916600000006838,0.1263329999989793,7.400375000001347,7.5273749999986705
axial,118,bicubic,0.6651411056518555,20.184650810659953,0.009583737701177597,0.060903921723365784,0.09789656634007955,0.09789656634007955,0.9472889098608354,0.172868013381958,0.158171609044075,6.090392172336578,0.5763168480607503,,2,bilinear,256,236,128,118,0.23916600000006838,0.14691700000035723,7.397083000000748,7.5447920000009105
axial,118,lanczos,0.6637779474258423,20.230660094619033,0.009482743218541145,0.060791779309511185,0.09737937778883754,0.09737937778883754,0.9478993990151158,0.16275489330291748,0.15589702129364014,6.0791779309511185,0.6223261320198277,,2,bilinear,256,236,128,118,0.23916600000006838,0.22287499999862348,7.388999999999868,7.612584000000311
axial,119,nearest,0.6545440554618835,19.795479652206268,0.010482190176844597,0.06335359066724777,0.10238256773906677,0.10238256773906677,0.9427549740474334,0.1624142825603485,0.1781233847141266,6.335359066724777,0.11950861126786935,,2,bilinear,256,236,128,118,0.2330829999994677,0.10604100000044525,7.276166000000472,7.382958000000883
axial,119,bilinear,0.6393203735351562,19.6759710409384,0.010774643160402775,0.06507551670074463,0.10380097861004382,0.10380097861004382,0.942058553834549,0.23802533745765686,0.24404768645763397,6.507551670074463,0.0,,2,bilinear,256,236,128,118,0.2330829999994677,0.10912499999982117,7.353334000001155,7.462999999999553
axial,119,bicubic,0.6693677306175232,20.260282798194456,0.00941828265786171,0.06019405648112297,0.0970478369561203,0.0970478369561203,0.9489342661636602,0.16705918312072754,0.15600979328155518,6.019405648112297,0.5843117572560597,,2,bilinear,256,236,128,118,0.2330829999994677,0.14537500000066927,7.194000000000145,7.340041999999158
axial,119,lanczos,0.6683214902877808,20.30313187088445,0.009325815364718437,0.060088060796260834,0.09657026128533792,0.09657026128533792,0.9494879683098457,0.1575828194618225,0.15396860241889954,6.008806079626083,0.6271608299460476,,2,bilinear,256,236,128,118,0.2330829999994677,0.2193339999987387,7.382874999999345,7.602958000001436
axial,120,nearest,0.6506189703941345,19.81575613200531,0.010433364659547806,0.06288065016269684,0.10214384298403799,0.10214384298403799,0.9434799377632171,0.1629968285560608,0.17819257080554962,6.288065016269684,0.12165279075111017,,2,bilinear,256,236,128,118,0.234625000000932,0.1064580000011972,7.17429100000011,7.281458999999657
axial,120,bilinear,0.6340085864067078,19.6941033412542,0.01072975154966116,0.06484115123748779,0.10358451404365983,0.10358451404365983,0.9427578137598165,0.2381049543619156,0.2440405786037445,6.484115123748779,0.0,,2,bilinear,256,236,128,118,0.234625000000932,0.11170800000037673,7.714124999999683,7.826582999999943
axial,120,bicubic,0.6644587516784668,20.27116537453046,0.009394711814820766,0.060043081641197205,0.09692632157892285,0.09692632157892285,0.9494679394734065,0.16692757606506348,0.15646955370903015,6.0043081641197205,0.5770620332762627,,2,bilinear,256,236,128,118,0.234625000000932,0.15245899999882795,7.2794170000012315,7.432292000000729
axial,120,lanczos,0.6630614399909973,20.31200071137901,0.009306790307164192,0.05992165952920914,0.09647170728853197,0.09647170728853197,0.9499914990189376,0.15734779834747314,0.15427084267139435,5.992165952920914,0.6178973701248129,,2,bilinear,256,236,128,118,0.234625000000932,0.21800000000027353,7.4353330000000994,7.653958999998878
axial,121,nearest,0.6566604375839233,19.92203663425739,0.010181138291954994,0.061957892030477524,0.10090162680529484,0.10090162680529484,0.94383627865443,0.16006328165531158,0.17847751080989838,6.195789203047752,0.11445028378253017,,2,bilinear,256,236,128,118,0.2329159999998609,0.10637499999965883,7.146916999998254,7.25395899999981
axial,121,bilinear,0.6409505605697632,19.807586350474857,0.010453009977936745,0.063863106071949,0.10223996272464474,0.10223996272464474,0.9432415882332248,0.23507554829120636,0.24472351372241974,6.3863106071949005,0.0,,2,bilinear,256,236,128,118,0.2329159999998609,0.10666599999886728,7.5518330000008405,7.659042000000227
axial,121,bicubic,0.6708503365516663,20.395469810283338,0.009129626676440239,0.059100192040205,0.09554907993507965,0.09554907993507965,0.9500027985608199,0.16517280042171478,0.15600363910198212,5.9100192040205,0.5878834598084796,,2,bilinear,256,236,128,118,0.2329159999998609,0.14641599999976052,7.341083000000026,7.488125000000068
axial,121,lanczos,0.6688991189002991,20.4376697076962,0.009041344746947289,0.0590796060860157,0.09508598607022639,0.09508598607022639,0.9505418133789162,0.15614674985408783,0.15452608466148376,5.90796060860157,0.6300833572213422,,2,bilinear,256,236,128,118,0.2329159999998609,0.21841600000094274,7.736124999999205,7.955750000000705
axial,122,nearest,0.6514216065406799,19.765516472177282,0.01055475976318121,0.06311294436454773,0.10273636047272265,0.10273636047272265,0.9425891272391945,0.1650429219007492,0.17976823449134827,6.311294436454773,0.055020301503763726,,2,bilinear,256,236,128,118,0.2638749999999135,0.16779099999908453,9.55408299999938,9.72429199999958
axial,122,bilinear,0.6377062797546387,19.710496170673515,0.010689327493309975,0.06466720998287201,0.10338920394949357,0.10338920394949357,0.9427716608236859,0.2371349185705185,0.24511989951133728,6.466720998287201,0.0,,2,bilinear,256,236,128,118,0.2638749999999135,0.13045800000099916,8.538207999999159,8.669917000000638
axial,122,bicubic,0.6679922938346863,20.285734297079298,0.009363248944282532,0.059863001108169556,0.09676388243700504,0.09676388243700504,0.9494579025523368,0.16831514239311218,0.15749123692512512,5.986300110816956,0.5752381264057841,,2,bilinear,256,236,128,118,0.2638749999999135,0.15375000000084071,7.72504200000057,7.879667000000978
axial,122,lanczos,0.6655863523483276,20.320544116148646,0.009288500063121319,0.05989658460021019,0.09637686477117482,0.09637686477117482,0.9499133452265535,0.15963053703308105,0.15534661710262299,5.989658460021019,0.6100479454751302,,2,bilinear,256,236,128,118,0.2638749999999135,0.2514169999994209,8.10158300000019,8.354042000000561
axial,123,nearest,0.6491909623146057,19.914510482328403,0.010198797099292278,0.06235828995704651,0.10098909396213177,0.10098909396213177,0.9432967384931086,0.159885972738266,0.17696626484394073,6.235828995704651,0.08443278792836881,,2,bilinear,256,236,128,118,0.24949999999890338,0.1173750000003082,7.582583000001364,7.7012080000002925
axial,123,bilinear,0.6358625888824463,19.830077694400035,0.010399015620350838,0.06391928344964981,0.1019755638393377,0.1019755638393377,0.9430929192571704,0.2334393858909607,0.2427249550819397,6.391928344964981,0.0,,2,bilinear,256,236,128,118,0.24949999999890338,0.11545899999987341,8.149500000000032,8.265750000001404
axial,123,bicubic,0.6662492156028748,20.42009032006269,0.009078016504645348,0.05914831534028053,0.09527862564418815,0.09527862564418815,0.9499053999446772,0.16441887617111206,0.15457870066165924,5.914831534028053,0.5900126256626558,,2,bilinear,256,236,128,118,0.24949999999890338,0.1497500000002816,7.751790999998676,7.9025000000001455
axial,123,lanczos,0.6639279127120972,20.45468051397411,0.009006000123918056,0.059183407574892044,0.0948999479658343,0.0948999479658343,0.9503536184429969,0.15568053722381592,0.15274597704410553,5.918340757489204,0.624602819574077,,2,bilinear,256,236,128,118,0.24949999999890338,0.23466699999907803,8.060083000000162,8.29545900000106
axial,124,nearest,0.6541956663131714,19.991961050394462,0.010018527507781982,0.06162982061505318,0.1000925946700453,0.1000925946700453,0.9432379265394821,0.15626011788845062,0.17587964236736298,6.162982061505318,0.07243762688708322,,2,bilinear,256,236,128,118,0.23816700000089952,0.11391700000018545,7.270082999999872,7.384874999999624
axial,124,bilinear,0.6408602595329285,19.91952342350738,0.010187031701207161,0.06340901553630829,0.10093082631786565,0.10093082631786565,0.9432644895946526,0.22791917622089386,0.24112115800380707,6.340901553630829,0.0,,2,bilinear,256,236,128,118,0.23816700000089952,0.10883400000061272,8.013791999999853,8.12349999999995
axial,124,bicubic,0.6715039610862732,20.524155444676055,0.008863075636327267,0.05860677361488342,0.09414390918337344,0.09414390918337344,0.9501896309530014,0.15915362536907196,0.15427786111831665,5.860677361488342,0.604632021168677,,2,bilinear,256,236,128,118,0.23816700000089952,0.150999999998902,7.660332999998687,7.812333000000393
axial,124,lanczos,0.669564962387085,20.570568050915426,0.008768861182034016,0.05852799862623215,0.09364219765700726,0.09364219765700726,0.9507797377212064,0.14968113601207733,0.1524609476327896,5.852799862623215,0.6510446274080453,,2,bilinear,256,236,128,118,0.23816700000089952,0.22462499999953423,7.922374999999704,8.147749999999121
axial,125,nearest,0.6577187776565552,20.099493329891498,0.009773512370884418,0.06074131652712822,0.09886107611635844,0.09886107611635844,0.9428448796734018,0.15274091064929962,0.17482055723667145,6.074131652712822,0.06498315163082292,,2,bilinear,256,236,128,118,0.2376660000003028,0.10616600000012966,7.307249999998433,7.41408300000046
axial,125,bilinear,0.6448402404785156,20.034510178260675,0.00992085225880146,0.06242147833108902,0.09960347513416117,0.09960347513416117,0.9429921369002083,0.22240738570690155,0.24022585153579712,6.242147833108902,0.0,,2,bilinear,256,236,128,118,0.2376660000003028,0.13591699999970785,7.809166999999562,7.946042000000375
axial,125,bicubic,0.6747261881828308,20.640234631654643,0.00862931925803423,0.05758875608444214,0.0928941292980037,0.0928941292980037,0.9499475911993885,0.15543371438980103,0.15334494411945343,5.758875608444214,0.6057244533939697,,2,bilinear,256,236,128,118,0.2376660000003028,0.14795899999953122,7.539208000000741,7.687792000000471
axial,125,lanczos,0.6725161075592041,20.68459783637998,0.008541619405150414,0.05750628188252449,0.09242088186741357,0.09242088186741357,0.950518629292387,0.14695042371749878,0.15164925158023834,5.750628188252449,0.6500876581193059,,2,bilinear,256,236,128,118,0.2376660000003028,0.2203749999996063,7.89129200000005,8.112500000001077
axial,126,nearest,0.6571546792984009,20.106633819828392,0.009757456369698048,0.06072362884879112,0.09877983787037742,0.09877983787037742,0.9427683349581523,0.15463589131832123,0.17927773296833038,6.072362884879112,0.03951393044158273,,2,bilinear,256,236,128,118,0.24391699999881666,0.10699999999985721,7.198333999999917,7.30633300000072
axial,126,bilinear,0.6469796299934387,20.06711988938681,0.009846638888120651,0.062147870659828186,0.0992302317246143,0.0992302317246143,0.9432810922506439,0.22156620025634766,0.24517597258090973,6.214787065982819,0.0,,2,bilinear,256,236,128,118,0.24391699999881666,0.11283300000108909,7.7725829999995,7.88679100000067
axial,126,bicubic,0.6769492030143738,20.686427928049472,0.0085380207747221,0.057268012315034866,0.09240141110785105,0.09240141110785105,0.9503571270916638,0.15537038445472717,0.15657956898212433,5.726801231503487,0.6193080386626594,,2,bilinear,256,236,128,118,0.24391699999881666,0.16562499999928093,7.574417000000722,7.740708000000041
axial,126,lanczos,0.6754012107849121,20.729626061369025,0.00845351628959179,0.05717591568827629,0.09194300565889604,0.09194300565889604,0.9509077761776624,0.14661134779453278,0.15494270622730255,5.717591568827629,0.6625061719822135,,2,bilinear,256,236,128,118,0.24391699999881666,0.22145900000047902,7.944916999999663,8.167332999999388
axial,127,nearest,0.6593614816665649,20.155464445241872,0.00964836124330759,0.06010313332080841,0.09822607211584708,0.09822607211584708,0.9446632367028557,0.15550677478313446,0.17755916714668274,6.010313332080841,-0.027158533785668543,,2,bilinear,256,236,128,118,0.2500420000011161,0.10783399999958476,7.303792000000087,7.412292000001486
axial,127,bilinear,0.6534333825111389,20.182622979027546,0.009588213637471199,0.06109148636460304,0.09791942420925073,0.09791942420925073,0.9460797576206168,0.21759909391403198,0.2447081208229065,6.109148636460304,0.0,,2,bilinear,256,236,128,118,0.2500420000011161,0.11487500000129103,7.862749999999252,7.978707999999557
axial,127,bicubic,0.6835205554962158,20.823854827911028,0.008272076025605202,0.056080207228660583,0.09095095395654298,0.09095095395654298,0.9530032633090069,0.1530032753944397,0.15386107563972473,5.608020722866058,0.6412318488834857,,2,bilinear,256,236,128,118,0.2500420000011161,0.1656669999992033,7.676291999999307,7.842499999998864
axial,127,lanczos,0.6816530823707581,20.870518793063653,0.008183670230209827,0.05605069547891617,0.0904636403767272,0.0904636403767272,0.9535710375671638,0.14470714330673218,0.1522216945886612,5.605069547891617,0.6878958140361091,,2,bilinear,256,236,128,118,0.2500420000011161,0.21941600000019434,7.551499999999933,7.771625000000171
axial,128,nearest,0.6639807224273682,20.225275496314566,0.009494507685303688,0.059478677809238434,0.0974397643947464,0.0974397643947464,0.9465405112524451,0.1507306694984436,0.17597569525241852,5.947867780923843,-0.013534714891333927,,2,bilinear,256,236,128,118,0.2649159999990047,0.10954199999879677,7.269874999998649,7.380167000000881
axial,128,bilinear,0.6566594839096069,20.2388102112059,0.009464964270591736,0.060691528022289276,0.09728804793288709,0.09728804793288709,0.9477021123225327,0.21093013882637024,0.24355153739452362,6.069152802228928,0.0,,2,bilinear,256,236,128,118,0.2649159999990047,0.14379200000114167,7.514541999999125,7.660083999999401
axial,128,bicubic,0.6860252022743225,20.86805077458818,0.008188322186470032,0.05581408739089966,0.09048934846969577,0.09048934846969577,0.9542923618283661,0.1474156528711319,0.152401864528656,5.581408739089966,0.6292405633822786,,2,bilinear,256,236,128,118,0.2649159999990047,0.17016699999850005,7.858000000000587,8.02979100000023
axial,128,lanczos,0.6835782527923584,20.90535165553098,0.00811829511076212,0.05578697845339775,0.09010158217679709,0.09010158217679709,0.9547383165847517,0.13972800970077515,0.15039439499378204,5.578697845339775,0.6665414443250807,,2,bilinear,256,236,128,118,0.2649159999990047,0.24554099999996026,7.799709000000377,8.047417000000223
axial,129,nearest,0.6687304377555847,20.241926152024348,0.009458175860345364,0.05905957892537117,0.09725315347249859,0.09725315347249859,0.9487115586099097,0.15156437456607819,0.17359088361263275,5.905957892537117,-0.049782136267570415,,2,bilinear,256,236,128,118,0.266375000000707,0.11000000000116472,7.455667000000332,7.566625000000826
axial,129,bilinear,0.6646642088890076,20.29170828829192,0.009350378066301346,0.05996425449848175,0.09669735294361137,0.09669735294361137,0.9502069621366114,0.2092965692281723,0.2398344725370407,5.996425449848175,0.0,,2,bilinear,256,236,128,118,0.266375000000707,0.11179200000022149,7.424582999998819,7.537416999999991
axial,129,bicubic,0.6924828290939331,20.929249555133644,0.008073745295405388,0.055186036974191666,0.08985402214372704,0.08985402214372704,0.9565913624603224,0.14772263169288635,0.15045605599880219,5.518603697419167,0.6375412668417212,,2,bilinear,256,236,128,118,0.266375000000707,0.15716600000104108,7.967332999999854,8.125584000000075
axial,129,lanczos,0.6906065940856934,20.98949247843851,0.007962523959577084,0.05507336184382439,0.0892329757409058,0.0892329757409058,0.957257226296931,0.13987360894680023,0.14867323637008667,5.507336184382439,0.6977841901465865,,2,bilinear,256,236,128,118,0.266375000000707,0.23354200000014202,7.803374999999946,8.037957999999179
axial,130,nearest,0.6727173328399658,20.333301505885956,0.009261255152523518,0.0585441030561924,0.09623541527173621,0.09623541527173621,0.9491829910329972,0.14550508558750153,0.1728116124868393,5.85441030561924,-0.037113041429126054,,2,bilinear,256,236,128,118,0.2415419999994839,0.1068750000001728,7.434666999998285,7.542958000000155
axial,130,bilinear,0.6693642735481262,20.370414547315082,0.00918244943022728,0.05935138836503029,0.09582509812271146,0.09582509812271146,0.9505612624138121,0.2025359719991684,0.23963408172130585,5.935138836503029,0.0,,2,bilinear,256,236,128,118,0.2415419999994839,0.12174999999992053,7.546791999999414,7.669417000000678
axial,130,bicubic,0.6966026425361633,21.00984038044259,0.00792530458420515,0.05444341525435448,0.08902417977271765,0.08902417977271765,0.956890932806693,0.1417170763015747,0.14841626584529877,5.444341525435448,0.6394258331275062,,2,bilinear,256,236,128,118,0.2415419999994839,0.14824999999873967,7.374875000000003,7.5243339999993
axial,130,lanczos,0.693885862827301,21.05387852982659,0.007845346815884113,0.054397664964199066,0.08857396240365513,0.08857396240365513,0.957388878223285,0.1342448890209198,0.1476474553346634,5.439766496419907,0.6834639825115072,,2,bilinear,256,236,128,118,0.2415419999994839,0.24704199999980858,7.59970800000076,7.847583000000213
axial,131,nearest,0.668144166469574,20.30786533849373,0.009315656498074532,0.05866813287138939,0.09651764863523422,0.09651764863523422,0.9497054373974524,0.14902755618095398,0.17041531205177307,5.866813287138939,-0.07590922435696175,,2,bilinear,256,236,128,118,0.2431660000006275,0.10929199999942796,7.23437499999946,7.344291999999086
axial,131,bilinear,0.6667711734771729,20.38377456285069,0.009154245257377625,0.05936051532626152,0.09567782009106199,0.09567782009106199,0.9515188476900573,0.20497409999370575,0.23731112480163574,5.936051532626152,0.0,,2,bilinear,256,236,128,118,0.2431660000006275,0.14399999999881175,7.311832999999268,7.456332999998594
axial,131,bicubic,0.6934143304824829,21.02632481302104,0.007895279675722122,0.05450878292322159,0.08885538630675195,0.08885538630675195,0.9577472233454573,0.14466071128845215,0.14699816703796387,5.450878292322159,0.642550250170349,,2,bilinear,256,236,128,118,0.2431660000006275,0.14708299999988128,7.2303329999989785,7.377917000001233
axial,131,lanczos,0.6914517879486084,21.087930864040935,0.007784073241055012,0.05435406416654587,0.08822739507123063,0.08822739507123063,0.9584148210231188,0.13651752471923828,0.14574314653873444,5.435406416654587,0.7041563011902428,,2,bilinear,256,236,128,118,0.2431660000006275,0.2203749999996063,7.396457999998773,7.61791599999917
axial,132,nearest,0.6788079142570496,20.47543082308213,0.008963072672486305,0.05741339921951294,0.09467350565224837,0.09467350565224837,0.9523935405796732,0.13976624608039856,0.17075729370117188,5.741339921951294,-0.05417048890816033,,2,bilinear,256,236,128,118,0.24449999999909267,0.11075000000104751,7.133500000000126,7.244957999999357
axial,132,bilinear,0.6774289608001709,20.52960131199029,0.008851968683302402,0.057975444942712784,0.09408490146299991,0.09408490146299991,0.9538391780701475,0.19421519339084625,0.23668305575847626,5.797544494271278,0.0,,2,bilinear,256,236,128,118,0.24449999999909267,0.11891699999999616,7.75691700000003,7.877041000000418
axial,132,bicubic,0.7038410902023315,21.173824982147504,0.007631633430719376,0.05327210575342178,0.08735922063937714,0.08735922063937714,0.9597945630970128,0.13603712618350983,0.14748074114322662,5.327210575342178,0.6442236701572123,,2,bilinear,256,236,128,118,0.24449999999909267,0.15424999999957834,7.5096669999989984,7.6645420000005515
axial,132,lanczos,0.7011972665786743,21.22482895839933,0.007542531006038189,0.053253185003995895,0.08684774611950612,0.08684774611950612,0.9603270436814493,0.12879548966884613,0.14609959721565247,5.3253185003995895,0.6952276464090362,,2,bilinear,256,236,128,118,0.24449999999909267,0.22283399999878384,7.48887499999995,7.712417000000471
axial,133,nearest,0.6787253022193909,20.40078186521503,0.009118466638028622,0.05805093050003052,0.09549066256984827,0.09549066256984827,0.951701899693257,0.14111357927322388,0.17577031254768372,5.805093050003052,-0.08656458292160926,,2,bilinear,256,236,128,118,0.23666699999935759,0.10770899999990036,7.075166999999993,7.183500000000009
axial,133,bilinear,0.6772916913032532,20.487346448136638,0.00893851462751627,0.0582699328660965,0.09454371807537648,0.09454371807537648,0.9535134270160084,0.1952257752418518,0.24123242497444153,5.82699328660965,0.0,,2,bilinear,256,236,128,118,0.23666699999935759,0.11483299999959229,7.605917000001128,7.721749999999972
axial,133,bicubic,0.7042709589004517,21.124488175103544,0.007718824781477451,0.05345776677131653,0.08785684254215748,0.08785684254215748,0.9594612246691648,0.13696971535682678,0.15193112194538116,5.345776677131653,0.6371417269669032,,2,bilinear,256,236,128,118,0.23666699999935759,0.15312500000064233,7.641292000000632,7.795166999999381
axial,133,lanczos,0.701519250869751,21.17360981190238,0.0076320115476846695,0.053424589335918427,0.08736138476286116,0.08736138476286116,0.9599781883740296,0.12941746413707733,0.15041418373584747,5.342458933591843,0.6862633637657402,,2,bilinear,256,236,128,118,0.23666699999935759,0.22695800000072097,7.736915999998928,7.965125000000128
axial,134,nearest,0.6828743815422058,20.60299233410383,0.008703636936843395,0.05665823072195053,0.09329328452168138,0.09329328452168138,0.9542140356878913,0.13738976418972015,0.17251388728618622,5.665823072195053,-0.04986951143447993,,2,bilinear,256,236,128,118,0.2429999999993271,0.10966600000017479,7.389957999999197,7.500290999999493
axial,134,bilinear,0.6808127760887146,20.65286184553831,0.008604265749454498,0.057172831147909164,0.09275918148331462,0.09275918148331462,0.9555274691818276,0.19178028404712677,0.237135112285614,5.717283114790916,0.0,,2,bilinear,256,236,128,118,0.2429999999993271,0.1172500000006238,7.408417000000611,7.526583000000642
axial,134,bicubic,0.7071826457977295,21.273329095977545,0.007458767853677273,0.052517469972372055,0.0863641583857405,0.0863641583857405,0.9610661237123421,0.13660836219787598,0.14901280403137207,5.2517469972372055,0.6204672504392343,,2,bilinear,256,236,128,118,0.2429999999993271,0.14941599999929167,7.688875000001261,7.839042000000518
axial,134,lanczos,0.7040740847587585,21.30400916022712,0.007406262215226889,0.05258409306406975,0.08605964335986345,0.08605964335986345,0.9613900837995395,0.13029007613658905,0.14831574261188507,5.258409306406975,0.6511473146888125,,2,bilinear,256,236,128,118,0.2429999999993271,0.22670800000135216,7.596249999998861,7.824125000000848
axial,135,nearest,0.680709183216095,20.709693709887596,0.008492403663694859,0.056031811982393265,0.09215423844671963,0.09215423844671963,0.955497379009187,0.1369170993566513,0.1733352690935135,5.6031811982393265,-0.0005882340787815489,,2,bilinear,256,236,128,118,0.24524999999897545,0.10812500000056957,7.7197089999998525,7.828583000000222
axial,135,bilinear,0.6777534484863281,20.710281943966375,0.008491253480315208,0.05680037662386894,0.09214799770106352,0.09214799770106352,0.9562292143622421,0.19042900204658508,0.2368057668209076,5.680037662386894,0.0,,2,bilinear,256,236,128,118,0.24524999999897545,0.11741600000014785,7.252792000000952,7.370749999999759
axial,135,bicubic,0.7036157846450806,21.31301083824689,0.00739092705771327,0.05235137417912483,0.08597050109027672,0.08597050109027672,0.9615377281575771,0.13620831072330475,0.1504668891429901,5.235137417912483,0.6027288942805157,,2,bilinear,256,236,128,118,0.24524999999897545,0.16895799999971928,7.543874999999645,7.71391699999846
axial,135,lanczos,0.7006180286407471,21.356641217247887,0.007317047566175461,0.05235069617629051,0.08553974261228205,0.08553974261228205,0.9619772370408963,0.1294630616903305,0.14980582892894745,5.235069617629051,0.646359273281512,,2,bilinear,256,236,128,118,0.24524999999897545,0.2202499999999219,7.320625000000192,7.54141700000055
axial,136,nearest,0.674733579158783,20.61615757047076,0.008677292615175247,0.05665189027786255,0.09315198664105477,0.09315198664105477,0.9550515909199557,0.13561175763607025,0.16984443366527557,5.665189027786255,-0.030397109692604302,,2,bilinear,256,236,128,118,0.24099999999904753,0.106583999999188,7.272249999999758,7.379583999998829
axial,136,bilinear,0.6732374429702759,20.646554680163366,0.00861677061766386,0.05697761848568916,0.09282656202652267,0.09282656202652267,0.9560763736666,0.18903999030590057,0.2323329895734787,5.697761848568916,0.0,,2,bilinear,256,236,128,118,0.24099999999904753,0.11629099999943548,7.393834000000155,7.511000000000934
axial,136,bicubic,0.6987462043762207,21.22725831416808,0.007538313046097755,0.05272718518972397,0.08682345907701303,0.08682345907701303,0.961215070995098,0.13601535558700562,0.14727096259593964,5.272718518972397,0.580703634004712,,2,bilinear,256,236,128,118,0.24099999999904753,0.14504099999967934,7.2489579999999165,7.39445800000027
axial,136,lanczos,0.6955338716506958,21.26432018834183,0.0074742562137544155,0.05280458182096481,0.08645378079502605,0.08645378079502605,0.9615969423247809,0.12978585064411163,0.14707931876182556,5.280458182096481,0.6177655081784612,,2,bilinear,256,236,128,118,0.24099999999904753,0.21779199999905074,7.131832999998977,7.350167000000241
axial,137,nearest,0.6704739928245544,20.61293645947913,0.008683730848133564,0.056689247488975525,0.09318653791258458,0.09318653791258458,0.9552770800255459,0.13391219079494476,0.17166732251644135,5.6689247488975525,-0.022519450970260816,,2,bilinear,256,236,128,118,0.236250000000382,0.10920899999966593,7.0556670000012645,7.165332999999663
axial,137,bilinear,0.6686554551124573,20.63545591044939,0.008638819679617882,0.05708345025777817,0.09294525097936894,0.09294525097936894,0.9562050331211249,0.1868634670972824,0.2324996143579483,5.708345025777817,0.0,,2,bilinear,256,236,128,118,0.236250000000382,0.10454200000076241,7.152458000000195,7.257749999999064
axial,137,bicubic,0.69297856092453,21.209822218296924,0.007568638771772385,0.05287637561559677,0.08699792395093336,0.08699792395093336,0.9612794373937043,0.1345660239458084,0.15010429918766022,5.287637561559677,0.574366307847535,,2,bilinear,256,236,128,118,0.236250000000382,0.14912500000008322,7.533540999999033,7.68337499999916
axial,137,lanczos,0.6894891262054443,21.245620262235004,0.007506508380174637,0.05295936390757561,0.08664010838044142,0.08664010838044142,0.9616484552401474,0.12812674045562744,0.1499650925397873,5.295936390757561,0.6101643517856107,,2,bilinear,256,236,128,118,0.236250000000382,0.22404100000095184,7.463082999999315,7.687917000000155
axial,138,nearest,0.6703147292137146,20.62501360156729,0.008659616112709045,0.05663636699318886,0.09305705837124363,0.09305705837124363,0.9555098509969946,0.1367480605840683,0.17340467870235443,5.663636699318886,-0.033968278723721476,,2,bilinear,256,236,128,118,0.23320899999923483,0.10649999999934323,7.254292000000717,7.361249999998876
axial,138,bilinear,0.6679322123527527,20.65898188029101,0.008592149242758751,0.05696247145533562,0.09269384684410692,0.09269384684410692,0.9565469339533581,0.18928590416908264,0.2348576784133911,5.696247145533562,0.0,,2,bilinear,256,236,128,118,0.23320899999923483,0.10808400000072993,7.189374999999387,7.298000000000471
axial,138,bicubic,0.6938851475715637,21.239670341013436,0.007516799494624138,0.0527227483689785,0.08669947805277803,0.08669947805277803,0.9616424148888575,0.13695652782917023,0.15118657052516937,5.27227483689785,0.580688460722424,,2,bilinear,256,236,128,118,0.23320899999923483,0.14554200000027606,7.374583000000712,7.520792000001109
axial,138,lanczos,0.6915223598480225,21.273066101917415,0.007459219545125961,0.05275861173868179,0.08636677338610006,0.08636677338610006,0.9619859394456665,0.1310182809829712,0.1508835107088089,5.275861173868179,0.6140842216264061,,2,bilinear,256,236,128,118,0.23320899999923483,0.21891599999968037,7.274416999999644,7.493957999999523
axial,139,nearest,0.6734229922294617,20.560397760722967,0.008789420127868652,0.05697738751769066,0.09375190732923065,0.09375190732923065,0.9554140118619759,0.13976287841796875,0.17234376072883606,5.697738751769066,-0.056696351107236524,,2,bilinear,256,236,128,118,0.2297500000008057,0.11070799999934877,7.159917000000959,7.271790999999084
axial,139,bilinear,0.6716182231903076,20.617094111830205,0.008675421588122845,0.05741262808442116,0.09314194322711356,0.09314194322711356,0.9566744723970547,0.19293344020843506,0.23506712913513184,5.741262808442116,0.0,,2,bilinear,256,236,128,118,0.2297500000008057,0.13158299999993517,7.282124999999695,7.414499999999435
axial,139,bicubic,0.69709312915802,21.195936406664984,0.00759287690743804,0.053081486374139786,0.08713711555610525,0.08713711555610525,0.9617443295329486,0.13983553647994995,0.14993929862976074,5.308148637413979,0.5788422948347768,,2,bilinear,256,236,128,118,0.2297500000008057,0.14983299999826727,7.376832999998584,7.527709000001437
axial,139,lanczos,0.6944694519042969,21.231529743098406,0.00753090251237154,0.05312616005539894,0.08678077271130709,0.08678077271130709,0.9621052430332809,0.13352224230766296,0.14951017498970032,5.312616005539894,0.6144356312682004,,2,bilinear,256,236,128,118,0.2297500000008057,0.2287500000015541,7.594540999999566,7.824250000000532
axial,140,nearest,0.6710914373397827,20.483892075802764,0.008945627138018608,0.057483237236738205,0.09458132552474938,0.09458132552474938,0.9549906659664382,0.1384737193584442,0.1705622375011444,5.7483237236738205,-0.026235426163817663,,2,bilinear,256,236,128,118,0.23900000000054433,0.10712499999954161,7.139499999999188,7.2472500000007045
axial,140,bilinear,0.6677260994911194,20.510127501966583,0.008891750127077103,0.05791465938091278,0.09429607694425629,0.09429607694425629,0.955932897427086,0.19346588850021362,0.2320835143327713,5.791465938091278,0.0,,2,bilinear,256,236,128,118,0.23900000000054433,0.11141699999939192,7.218582999998446,7.330707999999575
axial,140,bicubic,0.6935736536979675,21.06657241926975,0.007822449319064617,0.05372866988182068,0.08844461158863562,0.08844461158863562,0.9608913475736772,0.140411838889122,0.14945374429225922,5.372866988182068,0.5564449173031711,,2,bilinear,256,236,128,118,0.23900000000054433,0.14491700000007768,7.124958000000348,7.270458000000701
axial,140,lanczos,0.6910163164138794,21.100993480321048,0.007760695647448301,0.05376909300684929,0.08809481055912602,0.08809481055912602,0.9612477594579867,0.1342422515153885,0.14861920475959778,5.376909300684929,0.5908659783544651,,2,bilinear,256,236,128,118,0.23900000000054433,0.21966700000142225,7.140332999998833,7.360458000000847
axial,141,nearest,0.6730011105537415,20.433522032382236,0.009049983695149422,0.05793264880776405,0.09513140225577157,0.09513140225577157,0.95500734747946,0.14068454504013062,0.17136244475841522,5.793264880776405,-0.025308891014186107,,2,bilinear,256,236,128,118,0.23095799999950373,0.10962500000033515,7.023832999999868,7.134084000000485
axial,141,bilinear,0.6710962057113647,20.45883092339642,0.008997397497296333,0.05834438279271126,0.09485461241972545,0.09485461241972545,0.9559638923682003,0.1962219774723053,0.2335434854030609,5.834438279271126,0.0,,2,bilinear,256,236,128,118,0.23095799999950373,0.11041700000014032,7.58966599999944,7.701041000000686
axial,141,bicubic,0.6965627074241638,21.033749132426717,0.00788179412484169,0.05397745594382286,0.08877946905023532,0.08877946905023532,0.9610741477437612,0.14173762500286102,0.14873594045639038,5.397745594382286,0.574918209030294,,2,bilinear,256,236,128,118,0.23095799999950373,0.14795900000130757,7.474333999999416,7.622749999999456
axial,141,lanczos,0.6939074993133545,21.067084339713567,0.007821527309715748,0.054033368825912476,0.08843939908047628,0.08843939908047628,0.961420625834775,0.13555821776390076,0.14859327673912048,5.403336882591248,0.6082534163171454,,2,bilinear,256,236,128,118,0.23095799999950373,0.22137500000063426,7.3911659999996715,7.6132080000004265
axial,142,nearest,0.6760400533676147,20.451754202668848,0.0090120704844594,0.05764397606253624,0.09493192552802983,0.09493192552802983,0.9557317586166942,0.1392204910516739,0.17157186567783356,5.764397606253624,-0.06319907596730316,,2,bilinear,256,236,128,118,0.23970800000050474,0.10770799999981762,7.069582999999824,7.177834000000161
axial,142,bilinear,0.6757329106330872,20.514953278636156,0.008881875313818455,0.05765219405293465,0.09424370171962929,0.09424370171962929,0.9570531407955158,0.1919902265071869,0.2340969443321228,5.765219405293465,0.0,,2,bilinear,256,236,128,118,0.23970800000050474,0.11683299999987184,7.448916999999611,7.566957999999957
axial,142,bicubic,0.7003937363624573,21.09724107649171,0.007767403963953257,0.05331897363066673,0.08813287674842604,0.08813287674842604,0.9621069287204412,0.13858187198638916,0.14884553849697113,5.331897363066673,0.582287797855555,,2,bilinear,256,236,128,118,0.23970800000050474,0.15650000000100306,7.640958999999725,7.798334000000295
axial,142,lanczos,0.6976934671401978,21.13348937745135,0.00770284328609705,0.05335814505815506,0.08776584350473167,0.08776584350473167,0.9624723655686409,0.13266253471374512,0.14832612872123718,5.335814505815506,0.6185360988151987,,2,bilinear,256,236,128,118,0.23970800000050474,0.22029099999976154,7.484249999999193,7.705250000000774
axial,143,nearest,0.6717186570167542,20.474146724953822,0.008965723216533661,0.05736083537340164,0.09468750295859354,0.09468750295859354,0.9569165158740471,0.14068245887756348,0.17256207764148712,5.736083537340164,-0.06143390471488101,,2,bilinear,256,236,128,118,0.23608399999908158,0.10924999999950558,6.964209000001276,7.073832999999752
axial,143,bilinear,0.6727403402328491,20.535580629668708,0.008839789777994156,0.05752880871295929,0.09402015623255557,0.09402015623255557,0.9581969264342642,0.19390869140625,0.2349495142698288,5.752880871295929,0.0,,2,bilinear,256,236,128,118,0.23608399999908158,0.1058339999993052,7.253958000001504,7.3606669999986
axial,143,bicubic,0.6965634822845459,21.11393031877902,0.007737612351775169,0.05322066694498062,0.08796369905691306,0.08796369905691306,0.9630729967109013,0.14041125774383545,0.1504245102405548,5.322066694498062,0.5783496891103087,,2,bilinear,256,236,128,118,0.23608399999908158,0.15179200000048354,7.548791999999693,7.701416999999822
axial,143,lanczos,0.6938967704772949,21.147787447612533,0.007677525281906128,0.05327599495649338,0.08762148869944021,0.08762148869944021,0.9634078739167588,0.13428446650505066,0.14973896741867065,5.327599495649338,0.6122068179438314,,2,bilinear,256,236,128,118,0.23608399999908158,0.22241699999980824,7.363332999998917,7.5863750000007
